Data_Collected_At,Users,Posts,Comments
8/13/2013 20:00,130,,
8/14/2013 20:00,142,,
8/15/2013 20:00,146,,
8/16/2013 20:00,147,,
8/17/2013 20:00,216,,
8/18/2013 20:00,256,,
8/19/2013 20:00,297,,
8/20/2013 20:00,306,,
8/21/2013 20:00,309,,
8/22/2013 20:00,310,,
8/23/2013 20:00,313,,
8/24/2013 20:00,316,,
8/25/2013 20:00,316,,
8/26/2013 20:00,317,,
8/27/2013 20:00,317,,
8/28/2013 20:00,317,,
8/29/2013 20:00,317,,
8/30/2013 20:00,318,,
8/31/2013 20:00,330,,
9/1/2013 20:00,333,,
9/2/2013 20:00,337,,
9/3/2013 20:00,343,,
9/4/2013 20:00,346,,
9/5/2013 20:00,346,,
9/6/2013 20:00,349,,
9/7/2013 20:00,351,,
9/8/2013 20:00,354,,
9/9/2013 20:00,355,,
9/10/2013 20:00,356,,
9/11/2013 20:00,356,,
9/12/2013 20:00,357,,
9/13/2013 20:00,360,,
9/14/2013 20:00,390,,
9/15/2013 20:00,406,,
9/16/2013 20:00,412,,
9/17/2013 20:00,415,,
9/18/2013 20:00,415,,
9/19/2013 20:00,415,,
9/20/2013 20:00,416,,
9/21/2013 20:00,417,,
9/22/2013 20:00,419,,
9/23/2013 20:00,420,,
9/24/2013 20:00,419,,
9/25/2013 20:00,419,,
9/26/2013 20:00,420,,
9/27/2013 20:00,421,,
9/28/2013 20:00,420,,
9/29/2013 20:00,421,,
9/30/2013 20:00,438,,
10/1/2013 20:00,444,,
10/2/2013 20:00,445,,
10/3/2013 20:00,447,,
10/4/2013 20:00,447,,
10/5/2013 20:00,453,,
10/6/2013 20:00,453,,
10/7/2013 20:00,452,,
10/8/2013 20:00,453,,
10/9/2013 20:00,455,,
10/10/2013 20:00,456,,
10/11/2013 20:00,459,,
10/12/2013 20:00,463,,
10/13/2013 20:00,461,,
10/14/2013 20:00,464,,
10/15/2013 20:00,465,,
10/16/2013 20:00,467,,
10/17/2013 20:00,482,,
10/18/2013 20:00,483,,
10/19/2013 20:00,487,,
10/20/2013 20:00,490,,
10/21/2013 20:00,492,,
10/22/2013 20:00,493,,
10/23/2013 20:00,495,,
10/24/2013 20:00,497,,
10/25/2013 20:00,496,,
10/26/2013 20:00,498,,
10/27/2013 20:00,499,,
10/28/2013 20:00,502,,
10/29/2013 20:00,509,,
10/30/2013 20:00,514,,
10/31/2013 20:00,513,,
11/1/2013 20:00,513,,
11/2/2013 20:00,513,,
11/3/2013 19:00,514,,
11/4/2013 19:00,513,,
11/5/2013 19:00,513,,
11/6/2013 19:00,514,,
11/7/2013 19:00,514,,
11/8/2013 19:00,514,,
11/9/2013 19:00,514,,
11/10/2013 19:00,513,,
11/11/2013 19:00,515,,
11/12/2013 19:00,515,,
11/13/2013 19:00,517,,
11/14/2013 19:00,519,,
11/15/2013 19:00,521,,
11/16/2013 19:00,523,,
11/17/2013 19:00,524,,
11/18/2013 19:00,527,,
11/19/2013 19:00,528,,
11/20/2013 19:00,529,,
11/21/2013 19:00,529,,
11/22/2013 19:00,530,,
11/23/2013 19:00,531,,
11/24/2013 19:00,533,,
11/25/2013 19:00,531,,
11/26/2013 19:00,535,,
11/27/2013 19:00,536,,
11/28/2013 19:00,541,,
11/29/2013 19:00,541,,
11/30/2013 19:00,541,,
12/1/2013 19:00,541,,
12/2/2013 19:00,541,,
12/3/2013 19:00,541,,
12/4/2013 19:00,542,,
12/5/2013 19:00,543,,
12/6/2013 19:00,543,,
12/7/2013 19:00,544,,
12/8/2013 19:00,544,,
12/9/2013 19:00,543,,
12/10/2013 19:00,544,,
12/11/2013 19:00,547,,
12/12/2013 19:00,548,,
12/13/2013 19:00,547,,
12/14/2013 19:00,549,,
12/15/2013 19:00,551,,
12/16/2013 19:00,552,,
12/17/2013 19:00,556,,
12/18/2013 19:00,556,,
12/19/2013 19:00,557,,
12/20/2013 19:00,560,,
12/21/2013 19:00,561,,
12/22/2013 19:00,561,,
12/23/2013 19:00,562,,
12/24/2013 19:00,561,,
12/25/2013 19:00,561,,
12/26/2013 19:00,559,,
12/27/2013 19:00,561,,
12/28/2013 19:00,562,,
12/29/2013 19:00,561,,
12/30/2013 19:00,561,,
12/31/2013 19:00,560,,
1/1/2014 19:00,560,,
1/2/2014 19:00,560,,
1/3/2014 19:00,559,,
1/4/2014 19:00,558,,
1/5/2014 19:00,558,,
1/6/2014 19:00,564,,
1/7/2014 19:00,563,,
1/8/2014 19:00,562,,
1/9/2014 19:00,563,,
1/10/2014 19:00,563,,
1/11/2014 19:00,569,,
1/12/2014 19:00,568,,
1/13/2014 19:00,567,,
1/14/2014 19:00,568,,
1/15/2014 19:00,573,,
1/16/2014 19:00,574,,
1/17/2014 19:00,573,,
1/18/2014 19:00,573,,
1/19/2014 19:00,576,,
1/20/2014 19:00,583,,
1/21/2014 19:00,612,,
1/22/2014 19:00,613,,
1/23/2014 19:00,614,,
1/24/2014 19:00,616,,
1/25/2014 19:00,617,,
1/26/2014 19:00,616,,
1/27/2014 19:00,617,,
1/28/2014 19:00,618,,
1/29/2014 19:00,619,,
1/30/2014 19:00,621,,
1/31/2014 19:00,620,,
2/1/2014 19:00,620,,
2/2/2014 19:00,621,,
2/3/2014 19:00,621,,
2/4/2014 19:00,623,,
2/5/2014 19:00,623,,
2/6/2014 19:00,623,,
2/7/2014 19:00,623,,
2/8/2014 19:00,625,,
2/9/2014 19:00,626,,
2/10/2014 19:00,627,,
2/11/2014 19:00,632,,
2/12/2014 19:00,632,,
2/13/2014 19:00,632,,
2/14/2014 19:00,634,,
2/15/2014 19:00,633,,
2/16/2014 19:00,634,,
2/17/2014 19:00,634,,
2/18/2014 19:00,633,,
2/19/2014 19:00,635,,
2/20/2014 19:00,635,,
2/21/2014 19:00,636,,
2/22/2014 19:00,636,,
2/23/2014 19:00,636,,
2/24/2014 19:00,636,,
2/25/2014 19:00,637,,
2/26/2014 19:00,637,,
2/27/2014 19:00,651,,
2/28/2014 19:00,655,,
3/1/2014 19:00,658,,
3/2/2014 19:00,674,,
3/3/2014 19:00,684,,
3/4/2014 19:00,685,,
3/5/2014 19:00,687,,
3/6/2014 19:00,687,,
3/7/2014 19:00,689,,
3/8/2014 19:00,689,,
3/9/2014 20:00,690,,
3/10/2014 20:00,689,,
3/11/2014 20:00,689,,
3/12/2014 20:00,690,,
3/13/2014 20:00,693,,
3/14/2014 20:00,695,,
3/15/2014 20:00,696,,
3/16/2014 20:00,696,,
3/17/2014 20:00,695,,
3/18/2014 20:00,695,,
3/19/2014 20:00,695,,
3/20/2014 20:00,694,,
3/21/2014 20:00,695,,
3/22/2014 20:00,696,,
3/23/2014 20:00,697,,
3/24/2014 20:00,698,,
3/25/2014 20:00,699,,
3/26/2014 20:00,700,,
3/27/2014 20:00,705,,
3/28/2014 20:00,709,,
3/29/2014 20:00,710,,
3/30/2014 20:00,710,,
3/31/2014 20:00,710,,
4/1/2014 20:00,738,,
4/2/2014 20:00,740,,
4/3/2014 20:00,740,,
4/4/2014 20:00,741,,
4/5/2014 20:00,746,,
4/6/2014 20:00,748,,
4/7/2014 20:00,748,,
4/8/2014 20:00,748,,
4/9/2014 20:00,748,,
4/10/2014 20:00,748,,
4/11/2014 20:00,748,,
4/12/2014 20:00,749,,
4/13/2014 20:00,751,,
4/14/2014 20:00,754,,
4/15/2014 20:00,755,,
4/16/2014 20:00,756,,
4/17/2014 20:00,759,,
4/18/2014 20:00,759,,
4/19/2014 20:00,760,,
4/20/2014 20:00,760,,
4/21/2014 20:00,762,,
4/22/2014 20:00,763,,
4/23/2014 20:00,763,,
4/24/2014 20:00,764,,
4/25/2014 20:00,763,,
4/26/2014 20:00,763,,
4/27/2014 20:00,765,,
4/28/2014 20:00,765,,
4/29/2014 20:00,765,,
4/30/2014 20:00,765,,
5/1/2014 20:00,765,,
5/2/2014 20:00,767,,
5/3/2014 20:00,766,,
5/4/2014 20:00,767,,
5/5/2014 20:00,766,,
5/6/2014 20:00,766,,
5/7/2014 20:00,766,,
5/8/2014 20:00,766,,
5/9/2014 20:00,769,,
5/10/2014 20:00,782,,
5/11/2014 20:00,784,,
5/12/2014 20:00,786,,
5/13/2014 20:00,786,,
5/14/2014 20:00,789,,
5/15/2014 20:00,789,,
5/16/2014 20:00,788,,
5/17/2014 20:00,787,,
5/18/2014 20:00,789,,
5/19/2014 20:00,789,,
5/20/2014 20:00,790,,
5/21/2014 20:00,789,,
5/22/2014 20:00,789,,
5/23/2014 20:00,791,,
5/24/2014 20:00,791,,
5/25/2014 20:00,793,,
5/26/2014 20:00,793,,
5/27/2014 20:00,793,,
5/28/2014 20:00,795,,
5/29/2014 20:00,796,,
5/30/2014 20:00,798,,
5/31/2014 20:00,800,,
6/1/2014 20:00,802,,
6/2/2014 20:00,804,,
6/3/2014 20:00,830,,
6/4/2014 20:00,837,,
6/5/2014 20:00,836,,
6/6/2014 20:00,836,,
6/7/2014 20:00,837,,
6/8/2014 20:00,838,,
6/9/2014 20:00,839,,
6/10/2014 20:00,840,,
6/11/2014 20:00,844,,
6/12/2014 20:00,845,,
6/13/2014 20:00,845,,
6/14/2014 20:00,845,,
6/15/2014 20:00,846,,
6/16/2014 20:00,845,,
6/17/2014 20:00,845,,
6/18/2014 20:00,845,,
6/19/2014 20:00,849,,
6/20/2014 20:00,849,,
6/21/2014 20:00,849,,
6/22/2014 20:00,849,,
6/23/2014 20:00,850,,
6/24/2014 20:00,850,,
6/25/2014 20:00,851,,
6/26/2014 20:00,850,,
6/27/2014 20:00,850,,
6/28/2014 20:00,851,,
6/29/2014 20:00,853,,
6/30/2014 20:00,852,,
7/1/2014 20:00,852,,
7/2/2014 20:00,853,,
7/3/2014 20:00,855,,
7/4/2014 20:00,858,,
7/5/2014 20:00,858,,
7/6/2014 20:00,860,,
7/7/2014 20:00,859,,
7/8/2014 20:00,859,,
7/9/2014 20:00,860,,
7/10/2014 20:00,860,,
7/11/2014 20:00,861,,
7/12/2014 20:00,863,,
7/13/2014 20:00,863,,
7/14/2014 20:00,860,,
7/15/2014 20:00,861,,
7/16/2014 20:00,862,,
7/17/2014 20:00,865,,
7/18/2014 20:00,872,,
7/19/2014 20:00,874,,
7/20/2014 20:00,876,,
7/21/2014 20:00,876,,
7/22/2014 20:00,876,,
7/23/2014 20:00,874,,
7/24/2014 20:00,873,,
7/25/2014 20:00,874,,
7/26/2014 20:00,873,,
7/27/2014 20:00,874,,
7/28/2014 20:00,874,,
7/29/2014 20:00,874,,
7/30/2014 20:00,874,,
7/31/2014 20:00,875,,
8/1/2014 20:00,876,,
8/2/2014 20:00,874,,
8/3/2014 20:00,874,,
8/4/2014 20:00,874,,
8/5/2014 20:00,874,,
8/6/2014 20:00,876,,
8/7/2014 20:00,877,,
8/8/2014 20:00,877,,
8/9/2014 20:00,877,,
8/10/2014 20:00,877,,
8/11/2014 20:00,876,,
8/12/2014 20:00,876,,
8/13/2014 20:00,878,,
8/14/2014 20:00,878,,
8/15/2014 20:00,879,,
8/16/2014 20:00,877,,
8/17/2014 20:00,876,,
8/18/2014 20:00,876,,
8/19/2014 20:00,876,,
8/20/2014 20:00,877,,
8/21/2014 20:00,877,,
8/22/2014 20:00,878,,
8/23/2014 20:00,877,,
8/24/2014 20:00,879,,
8/25/2014 20:00,879,,
8/26/2014 20:00,879,,
8/27/2014 20:00,879,,
8/28/2014 20:00,879,,
8/29/2014 20:00,880,,
8/30/2014 20:00,881,,
8/31/2014 20:00,881,,
9/1/2014 20:00,884,,
9/2/2014 20:00,884,,
9/3/2014 20:00,885,,
9/4/2014 20:00,885,,
9/5/2014 20:00,885,,
9/6/2014 20:00,884,,
9/7/2014 20:00,885,,
9/8/2014 20:00,886,,
9/9/2014 20:00,885,,
9/10/2014 20:00,885,,
9/11/2014 20:00,885,,
9/12/2014 20:00,886,,
9/13/2014 20:00,887,,
9/14/2014 20:00,889,,
9/15/2014 20:00,889,,
9/16/2014 20:00,888,,
9/17/2014 20:00,888,,
9/18/2014 20:00,889,,
9/19/2014 20:00,889,,
9/20/2014 20:00,888,,
9/21/2014 20:00,888,,
9/22/2014 20:00,890,,
9/23/2014 20:00,890,,
9/24/2014 20:00,891,,
9/25/2014 20:00,891,,
9/26/2014 20:00,891,,
9/27/2014 20:00,901,,
9/28/2014 20:00,900,,
9/29/2014 20:00,899,,
9/30/2014 20:00,899,,
10/1/2014 20:00,900,,
10/2/2014 20:00,900,,
10/3/2014 20:00,900,,
10/4/2014 20:00,901,,
10/5/2014 20:00,903,,
10/6/2014 20:00,903,,
10/7/2014 20:00,903,,
10/8/2014 20:00,905,,
10/9/2014 20:00,906,,
10/10/2014 20:00,906,,
10/11/2014 20:00,906,,
10/12/2014 20:00,906,,
10/13/2014 20:00,906,,
10/14/2014 20:00,906,,
10/15/2014 20:00,905,,
10/16/2014 20:00,904,,
10/17/2014 20:00,905,,
10/18/2014 20:00,906,,
10/19/2014 20:00,907,,
10/20/2014 20:00,908,,
10/21/2014 20:00,909,,
10/22/2014 20:00,910,,
10/23/2014 20:00,911,,
10/24/2014 20:00,914,,
10/25/2014 20:00,914,,
10/26/2014 20:00,914,,
10/27/2014 20:00,915,,
10/28/2014 20:00,914,,
10/29/2014 20:00,915,,
10/30/2014 20:00,915,,
10/31/2014 20:00,915,,
11/1/2014 20:00,914,,
11/2/2014 19:00,914,,
11/3/2014 19:00,916,,
11/4/2014 19:00,917,,
11/5/2014 19:00,915,,
11/6/2014 19:00,915,,
11/7/2014 19:00,915,,
11/8/2014 19:00,916,,
11/9/2014 19:00,920,,
11/10/2014 19:00,921,,
11/11/2014 19:00,922,,
11/12/2014 19:00,923,,
11/13/2014 19:00,925,,
11/14/2014 19:00,926,,
11/15/2014 19:00,927,,
11/16/2014 19:00,929,,
11/17/2014 19:00,930,,
11/18/2014 19:00,929,,
11/19/2014 19:00,930,,
11/20/2014 19:00,931,,
11/21/2014 19:00,932,,
11/22/2014 19:00,934,,
11/23/2014 19:00,934,,
11/24/2014 19:00,933,,
11/25/2014 19:00,933,,
11/26/2014 19:00,933,,
11/27/2014 19:00,933,,
11/28/2014 19:00,941,,
11/29/2014 19:00,942,,
11/30/2014 19:00,943,,
12/1/2014 19:00,942,,
12/2/2014 19:00,944,,
12/3/2014 19:00,946,,
12/4/2014 19:00,946,,
12/5/2014 19:00,946,,
12/6/2014 19:00,947,,
12/7/2014 19:00,948,,
12/8/2014 19:00,948,,
12/9/2014 19:00,949,,
12/10/2014 19:00,950,,
12/11/2014 19:00,951,,
12/12/2014 19:00,951,,
12/13/2014 19:00,954,,
12/14/2014 19:00,956,,
12/15/2014 19:00,957,,
12/16/2014 19:00,957,,
12/17/2014 19:00,959,,
12/18/2014 19:00,960,,
12/19/2014 19:00,960,,
12/20/2014 19:00,959,,
12/21/2014 19:00,958,,
12/22/2014 19:00,959,,
12/23/2014 19:00,959,,
12/24/2014 19:00,959,,
12/25/2014 19:00,961,,
12/26/2014 19:00,961,,
12/27/2014 19:00,961,,
12/28/2014 19:00,964,,
12/29/2014 19:00,965,,
12/30/2014 19:00,967,,
12/31/2014 19:00,973,,
1/1/2015 19:00,974,,
1/2/2015 19:00,974,,
1/3/2015 19:00,976,,
1/4/2015 19:00,977,,
1/5/2015 19:00,980,,
1/6/2015 19:00,999,,
1/7/2015 19:00,1003,,
1/8/2015 19:00,1003,,
1/9/2015 19:00,1003,,
1/10/2015 19:00,1004,,
1/11/2015 19:00,1004,,
1/12/2015 19:00,1005,,
1/13/2015 19:00,1007,,
1/14/2015 19:00,1009,,
1/15/2015 19:00,1011,,
1/16/2015 19:00,1013,,
1/17/2015 19:00,1013,,
1/18/2015 19:00,1012,,
1/19/2015 19:00,1011,,
1/20/2015 19:00,1011,,
1/21/2015 19:00,1012,,
1/22/2015 19:00,1014,,
1/23/2015 19:00,1016,,
1/24/2015 19:00,1021,,
1/25/2015 19:00,1024,,
1/26/2015 19:00,1025,,
1/27/2015 19:00,1027,,
1/28/2015 19:00,1028,,
1/29/2015 19:00,1027,,
1/30/2015 19:00,1028,,
1/31/2015 19:00,1029,,
2/1/2015 19:00,1031,,
2/2/2015 19:00,1032,,
2/3/2015 19:00,1032,,
2/4/2015 19:00,1031,,
2/5/2015 19:00,1034,,
2/6/2015 19:00,1035,,
2/7/2015 19:00,1036,,
2/8/2015 19:00,1046,,
2/9/2015 19:00,1059,,
2/10/2015 19:00,1060,,
2/11/2015 19:00,1060,,
2/12/2015 19:00,1061,,
2/13/2015 19:00,1061,,
2/14/2015 19:00,1062,,
2/15/2015 19:00,1063,,
2/16/2015 19:00,1064,,
2/17/2015 19:00,1065,,
2/18/2015 19:00,1067,,
2/19/2015 19:00,1068,,
2/20/2015 19:00,1070,,
2/21/2015 19:00,1072,,
2/22/2015 19:00,1074,,
2/23/2015 19:00,1076,,
2/24/2015 19:00,1081,,
2/25/2015 19:00,1106,,
2/26/2015 19:00,1110,,
2/27/2015 19:00,1113,,
2/28/2015 19:00,1114,,
3/1/2015 19:00,1114,,
3/2/2015 19:00,1119,,
3/3/2015 19:00,1120,,
3/4/2015 19:00,1123,,
3/5/2015 19:00,1125,,
3/6/2015 19:00,1128,,
3/7/2015 19:00,1127,,
3/8/2015 20:00,1127,,
3/9/2015 20:00,1128,,
3/10/2015 20:00,1130,,
3/11/2015 20:00,1131,,
3/12/2015 20:00,1131,,
3/13/2015 20:00,1149,,
3/14/2015 20:00,1155,,
3/15/2015 20:00,1159,,
3/16/2015 20:00,1161,,
3/17/2015 20:00,1160,,
3/18/2015 20:00,1161,,
3/19/2015 20:00,1162,,
3/20/2015 20:00,1164,,
3/21/2015 20:00,1164,,
3/22/2015 20:00,1164,,
3/23/2015 20:00,1164,,
3/24/2015 20:00,1163,,
3/25/2015 20:00,1181,,
3/26/2015 20:00,1198,,
3/27/2015 20:00,1203,,
3/28/2015 20:00,1208,,
3/29/2015 20:00,1207,,
3/30/2015 20:00,1207,,
3/31/2015 20:00,1208,,
4/1/2015 20:00,1209,,
4/2/2015 20:00,1212,,
4/3/2015 20:00,1216,,
4/4/2015 20:00,1216,,
4/5/2015 20:00,1218,,
4/6/2015 20:00,1217,,
4/7/2015 20:00,1216,,
4/8/2015 20:00,1217,,
4/9/2015 20:00,1220,,
4/10/2015 20:00,1221,,
4/11/2015 20:00,1223,,
4/12/2015 20:00,1223,,
4/13/2015 20:00,1224,,
4/14/2015 20:00,1225,,
4/15/2015 20:00,1226,,
4/16/2015 20:00,1230,,
4/17/2015 20:00,1230,,
4/18/2015 20:00,1232,,
4/19/2015 20:00,1232,,
4/20/2015 20:00,1233,,
4/21/2015 20:00,1237,,
4/22/2015 20:00,1239,,
4/23/2015 20:00,1241,,
4/24/2015 20:00,1242,,
4/25/2015 20:00,1245,,
4/26/2015 20:00,1247,,
4/27/2015 20:00,1248,,
4/28/2015 20:00,1265,,
4/29/2015 20:00,1266,,
4/30/2015 20:00,1266,,
5/1/2015 20:00,1267,,
5/2/2015 20:00,1270,,
5/3/2015 20:00,1269,,
5/4/2015 20:00,1273,,
5/5/2015 20:00,1278,,
5/6/2015 20:00,1281,,
5/7/2015 20:00,1281,,
5/8/2015 20:00,1282,,
5/9/2015 20:00,1281,,
5/10/2015 20:00,1287,,
5/11/2015 20:00,1286,,
5/12/2015 20:00,1288,,
5/13/2015 20:00,1290,,
5/14/2015 20:00,1293,,
5/15/2015 20:00,1296,,
5/16/2015 20:00,1298,,
5/17/2015 20:00,1299,,
5/18/2015 20:00,1299,,
5/19/2015 20:00,1302,,
5/20/2015 20:00,1302,,
5/21/2015 20:00,1303,,
5/22/2015 20:00,1303,,
5/23/2015 20:00,1304,,
5/24/2015 20:00,1308,,
5/25/2015 20:00,1310,,
5/26/2015 20:00,1311,,
5/27/2015 20:00,1313,,
5/28/2015 20:00,1315,,
5/29/2015 20:00,1316,,
5/30/2015 20:00,1316,,
5/31/2015 20:00,1318,,
6/1/2015 20:00,1319,,
6/2/2015 20:00,1322,,
6/3/2015 20:00,1322,,
6/4/2015 20:00,1326,,
6/5/2015 20:00,1327,,
6/6/2015 20:00,1327,,
6/7/2015 20:00,1329,,
6/8/2015 20:00,1328,,
6/9/2015 20:00,1329,,
6/10/2015 20:00,1331,,
6/11/2015 20:00,1331,,
6/12/2015 20:00,1333,,
6/13/2015 20:00,1333,,
6/14/2015 20:00,1330,,
6/15/2015 20:00,1330,,
6/16/2015 20:00,1330,,
6/17/2015 20:00,1332,,
6/18/2015 20:00,1332,,
6/19/2015 20:00,1334,,
6/20/2015 20:00,1335,,
6/21/2015 20:00,1335,,
6/22/2015 20:00,1336,,
6/23/2015 20:00,1338,,
6/24/2015 20:00,1338,,
6/25/2015 20:00,1338,,
6/26/2015 20:00,1339,,
6/27/2015 20:00,1339,,
6/28/2015 20:00,1339,,
6/29/2015 20:00,1340,,
6/30/2015 20:00,1341,,
7/1/2015 20:00,1343,,
7/2/2015 20:00,1343,,
7/3/2015 20:00,1343,,
7/4/2015 20:00,1344,,
7/5/2015 20:00,1343,,
7/6/2015 20:00,1342,,
7/7/2015 20:00,1343,,
7/8/2015 20:00,1344,,
7/9/2015 20:00,1348,,
7/10/2015 20:00,1349,,
7/11/2015 20:00,1350,,
7/12/2015 20:00,1353,,
7/13/2015 20:00,1353,,
7/14/2015 20:00,1446,,
7/15/2015 20:00,1466,,
7/16/2015 20:00,1470,,
7/17/2015 20:00,1473,,
7/18/2015 20:00,1474,,
7/19/2015 20:00,1476,,
7/20/2015 20:00,1480,,
7/21/2015 20:00,1482,,
7/22/2015 20:00,1483,,
7/23/2015 20:00,1483,,
7/24/2015 20:00,1486,,
7/25/2015 20:00,1487,,
7/26/2015 20:00,1488,,
7/27/2015 20:00,1490,,
7/28/2015 20:00,1491,,
7/29/2015 20:00,1495,,
7/30/2015 20:00,1500,,
7/31/2015 20:00,1499,,
8/1/2015 20:00,1500,,
8/2/2015 20:00,1502,,
8/3/2015 20:00,1503,,
8/4/2015 20:00,1504,,
8/5/2015 20:00,1505,,
8/6/2015 20:00,1505,,
8/7/2015 20:00,1509,,
8/8/2015 20:00,1510,,
8/9/2015 20:00,1511,,
8/10/2015 20:00,1511,,
8/11/2015 20:00,1511,,
8/12/2015 20:00,1511,,
8/13/2015 20:00,1515,,
8/14/2015 20:00,1515,,
8/15/2015 20:00,1513,,
8/16/2015 20:00,1517,,
8/17/2015 20:00,1521,,
8/18/2015 20:00,1522,,
8/19/2015 20:00,1521,,
8/20/2015 20:00,1520,,
8/21/2015 20:00,1520,,
8/22/2015 20:00,1522,,
8/23/2015 20:00,1522,,
8/24/2015 20:00,1522,,
8/25/2015 20:00,1521,,
8/26/2015 20:00,1522,,
8/27/2015 20:00,1523,,
8/28/2015 20:00,1522,,
8/29/2015 20:00,1523,,
8/30/2015 20:00,1526,,
8/31/2015 20:00,1527,,
9/1/2015 20:00,1527,,
9/2/2015 20:00,1527,,
9/3/2015 20:00,1529,,
9/4/2015 20:00,1529,,
9/5/2015 20:00,1529,,
9/6/2015 20:00,1531,,
9/7/2015 20:00,1531,,
9/8/2015 20:00,1531,,
9/9/2015 20:00,1533,,
9/10/2015 20:00,1533,,
9/11/2015 20:00,1535,,
9/12/2015 20:00,1540,,
9/13/2015 20:00,1540,,
9/14/2015 20:00,1541,,
9/15/2015 20:00,1539,,
9/16/2015 20:00,1541,,
9/17/2015 20:00,1542,,
9/18/2015 20:00,1544,,
9/19/2015 20:00,1544,,
9/20/2015 20:00,1545,,
9/21/2015 20:00,1546,,
9/22/2015 20:00,1547,,
9/23/2015 20:00,1547,,
9/24/2015 20:00,1548,,
9/25/2015 20:00,1548,,
9/26/2015 20:00,1548,,
9/27/2015 20:00,1548,,
9/28/2015 20:00,1547,,
9/29/2015 20:00,1548,,
9/30/2015 20:00,1548,,
10/1/2015 20:00,1549,,
10/2/2015 20:00,1549,,
10/3/2015 20:00,1549,,
10/4/2015 20:00,1549,,
10/5/2015 20:00,1550,,
10/6/2015 20:00,1557,,
10/7/2015 20:00,1559,,
10/8/2015 20:00,1559,,
10/9/2015 20:00,1559,,
10/10/2015 20:00,1560,,
10/11/2015 20:00,1560,,
10/12/2015 20:00,1563,,
10/13/2015 20:00,1564,,
10/14/2015 20:00,1566,,
10/15/2015 20:00,1565,,
10/16/2015 20:00,1564,,
10/17/2015 20:00,1565,,
10/18/2015 20:00,1565,,
10/19/2015 20:00,1566,,
10/20/2015 20:00,1566,,
10/21/2015 20:00,1569,,
10/22/2015 20:00,1569,,
10/23/2015 20:00,1569,,
10/24/2015 20:00,1570,,
10/25/2015 20:00,1571,,
10/26/2015 20:00,1574,,
10/27/2015 20:00,1573,,
10/28/2015 20:00,1573,,
10/29/2015 20:00,1574,,
10/30/2015 20:00,1574,,
10/31/2015 20:00,1575,,
11/1/2015 19:00,1576,,
11/2/2015 19:00,1577,,
11/3/2015 19:00,1579,,
11/4/2015 19:00,1581,,
11/5/2015 19:00,1581,,
11/6/2015 19:00,1583,,
11/7/2015 19:00,1584,,
11/8/2015 19:00,1585,,
11/9/2015 19:00,1586,,
11/10/2015 19:00,1586,,
11/11/2015 19:00,1588,,
11/12/2015 19:00,1589,,
11/13/2015 19:00,1590,,
11/14/2015 19:00,1591,,
11/15/2015 19:00,1590,,
11/16/2015 19:00,1591,,
11/17/2015 19:00,1591,,
11/18/2015 19:00,1593,,
11/19/2015 19:00,1591,,
11/20/2015 19:00,1591,,
11/21/2015 19:00,1591,,
11/22/2015 19:00,1590,,
11/23/2015 19:00,1591,,
11/24/2015 19:00,1591,,
11/25/2015 19:00,1591,,
11/26/2015 19:00,1598,,
11/27/2015 19:00,1599,,
11/28/2015 19:00,1601,,
11/29/2015 19:00,1618,,
11/30/2015 19:00,1621,,
12/1/2015 19:00,1626,,
12/2/2015 19:00,1633,,
12/3/2015 19:00,1634,,
12/4/2015 19:00,1637,,
12/5/2015 19:00,1639,,
12/6/2015 19:00,1639,,
12/7/2015 19:00,1641,,
12/8/2015 19:00,1641,,
12/9/2015 19:00,1642,,
12/10/2015 19:00,1642,,
12/11/2015 19:00,1642,,
12/12/2015 19:00,1642,,
12/13/2015 19:00,1647,,
12/14/2015 19:00,1640,,
12/15/2015 19:00,1637,,
12/16/2015 19:00,1631,,
12/17/2015 19:00,1628,,
12/18/2015 19:00,1627,,
12/19/2015 19:00,1625,,
12/20/2015 19:00,1620,,
12/21/2015 19:00,1615,,
12/22/2015 19:00,1610,,
12/23/2015 19:00,1607,,
12/24/2015 19:00,1602,,
12/25/2015 19:00,1597,,
12/26/2015 19:00,1594,,
12/27/2015 19:00,1597,,
12/28/2015 19:00,1600,,
12/29/2015 19:00,1595,,
12/30/2015 19:00,1591,,
12/31/2015 19:00,1587,,
1/1/2016 19:00,1585,,
1/2/2016 19:00,1586,,
1/3/2016 19:00,1579,,
1/4/2016 19:00,1578,,
1/5/2016 19:00,1577,,
1/6/2016 19:00,1576,,
1/7/2016 19:00,1576,,
1/8/2016 19:00,1576,,
1/9/2016 19:00,1577,,
1/10/2016 19:00,1576,,
1/11/2016 19:00,1579,,
1/12/2016 19:00,1580,,
1/13/2016 19:00,1580,,
1/14/2016 19:00,1578,,
1/15/2016 19:00,1579,,
1/16/2016 19:00,1582,,
1/17/2016 19:00,1581,,
1/18/2016 19:00,1583,,
1/19/2016 19:00,1588,,
1/20/2016 19:00,1590,,
1/21/2016 19:00,1591,,
1/22/2016 19:00,1590,,
1/23/2016 19:00,1592,,
1/24/2016 19:00,1592,,
1/25/2016 19:00,1590,,
1/26/2016 19:00,1589,,
1/27/2016 19:00,1588,,
1/28/2016 19:00,1616,,
1/29/2016 19:00,1643,,
1/30/2016 19:00,1650,,
1/31/2016 19:00,1652,,
2/1/2016 19:00,1656,,
2/2/2016 19:00,1659,,
2/3/2016 19:00,1659,,
2/4/2016 19:00,1660,,
2/5/2016 19:00,1660,,
2/6/2016 19:00,1660,,
2/7/2016 19:00,1661,,
2/8/2016 19:00,1660,,
2/9/2016 19:00,1662,,
2/10/2016 19:00,1662,,
2/11/2016 19:00,1663,,
2/12/2016 19:00,1659,,
2/13/2016 19:00,1658,,
2/14/2016 19:00,1658,,
2/15/2016 19:00,1657,,
2/16/2016 19:00,1658,,
2/17/2016 19:00,1659,,
2/18/2016 19:00,1659,,
2/19/2016 19:00,1660,,
2/20/2016 19:00,1662,,
2/21/2016 19:00,1664,,
2/22/2016 19:00,1665,,
2/23/2016 19:00,1664,,
2/24/2016 19:00,1664,,
2/25/2016 19:00,1663,,
2/26/2016 19:00,1663,,
2/27/2016 19:00,1663,,
2/28/2016 19:00,1667,,
2/29/2016 19:00,1667,,
3/1/2016 19:00,1670,,
3/2/2016 19:00,1672,,
3/3/2016 19:00,1679,,
3/4/2016 19:00,1680,,
3/5/2016 19:00,1681,,
3/6/2016 19:00,1683,,
3/7/2016 19:00,1684,,
3/8/2016 19:00,1683,,
3/9/2016 19:00,1683,,
3/10/2016 19:00,1684,,
3/11/2016 19:00,1714,,
3/12/2016 19:00,1715,,
3/13/2016 20:00,1717,,
3/14/2016 20:00,1718,,
3/15/2016 20:00,1719,,
3/16/2016 20:00,1720,,
3/17/2016 20:00,1724,,
3/18/2016 20:00,1723,,
3/19/2016 20:00,1724,,
3/20/2016 20:00,1723,,
3/21/2016 20:00,1721,,
3/22/2016 20:00,1720,,
3/23/2016 20:00,1717,,
3/24/2016 20:00,1716,,
3/25/2016 20:00,1718,,
3/26/2016 20:00,1718,,
3/27/2016 20:00,1719,,
3/28/2016 20:00,1722,,
3/29/2016 20:00,1722,,
3/30/2016 20:00,1723,,
3/31/2016 20:00,1724,,
4/1/2016 20:00,1726,,
4/2/2016 20:00,1723,,
4/3/2016 20:00,1723,,
4/4/2016 20:00,1723,,
4/5/2016 20:00,1724,,
4/6/2016 20:00,1725,,
4/7/2016 20:00,1725,,
4/8/2016 20:00,1724,,
4/9/2016 20:00,1723,,
4/10/2016 20:00,1721,,
4/11/2016 20:00,1721,,
4/12/2016 20:00,1722,,
4/13/2016 20:00,1722,,
4/14/2016 20:00,1722,,
4/15/2016 20:00,1719,,
4/16/2016 20:00,1717,,
4/17/2016 20:00,1716,,
4/18/2016 20:00,1717,,
4/19/2016 20:00,1716,,
4/20/2016 20:00,1718,,
4/21/2016 20:00,1722,,
4/22/2016 20:00,1815,,
4/23/2016 20:00,1841,,
4/24/2016 20:00,1842,,
4/25/2016 20:00,1844,,
4/26/2016 20:00,1845,,
4/27/2016 20:00,1846,,
4/28/2016 20:00,1845,,
4/29/2016 20:00,1845,,
4/30/2016 20:00,1846,,
5/1/2016 20:00,1847,,
5/2/2016 20:00,1849,,
5/3/2016 20:00,1849,,
5/4/2016 20:00,1849,,
5/5/2016 20:00,1851,,
5/6/2016 20:00,1852,,
5/7/2016 20:00,1852,,
5/8/2016 20:00,1852,,
5/9/2016 20:00,1853,,
5/10/2016 20:00,1854,,
5/11/2016 20:00,1855,,
5/12/2016 20:00,1854,,
5/13/2016 20:00,1859,,
5/14/2016 20:00,1863,,
5/15/2016 20:00,1862,,
5/16/2016 20:00,1867,,
5/17/2016 20:00,1868,,
5/18/2016 20:00,1875,,
5/19/2016 20:00,1877,,
5/20/2016 20:00,1877,,
5/21/2016 20:00,1878,,
5/22/2016 20:00,1879,,
5/23/2016 20:00,1882,,
5/24/2016 20:00,1885,,
5/25/2016 20:00,1887,,
5/26/2016 20:00,1889,,
5/27/2016 20:00,1890,,
5/28/2016 20:00,1890,,
5/29/2016 20:00,1892,,
5/30/2016 20:00,1893,,
5/31/2016 20:00,1891,,
6/1/2016 20:00,1895,,
6/2/2016 20:00,1898,,
6/3/2016 20:00,1898,,
6/4/2016 20:00,1898,,
6/5/2016 20:00,1910,,
6/6/2016 20:00,1914,,
6/7/2016 20:00,1913,,
6/8/2016 20:00,1913,,
6/9/2016 20:00,1915,,
6/10/2016 20:00,1917,,
6/11/2016 20:00,1920,,
6/12/2016 20:00,1921,,
6/13/2016 20:00,1922,,
6/14/2016 20:00,1921,,
6/15/2016 20:00,1921,,
6/16/2016 20:00,1921,,
6/17/2016 20:00,1921,,
6/18/2016 20:00,1922,,
6/19/2016 20:00,1924,,
6/20/2016 20:00,1928,,
6/21/2016 20:00,1927,,
6/22/2016 20:00,1927,,
6/23/2016 20:00,1928,,
6/24/2016 20:00,1940,,
6/25/2016 20:00,1941,,
6/26/2016 20:00,1947,,
6/27/2016 20:00,1947,,
6/28/2016 20:00,1947,,
6/29/2016 20:00,1946,,
6/30/2016 20:00,1945,,
7/1/2016 20:00,1944,,
7/2/2016 20:00,1943,,
7/3/2016 20:00,1942,,
7/4/2016 20:00,1941,,
7/5/2016 20:00,1944,,
7/6/2016 20:00,1944,,
7/7/2016 20:00,1943,,
7/8/2016 20:00,1943,,
7/9/2016 20:00,1942,,
7/10/2016 20:00,1944,,
7/11/2016 20:00,1947,,
7/12/2016 20:00,1947,,
7/13/2016 20:00,1947,,
7/14/2016 20:00,1948,,
7/15/2016 20:00,1948,,
7/16/2016 20:00,1947,,
7/17/2016 20:00,1949,,
7/18/2016 20:00,1952,,
7/19/2016 20:00,1966,,
7/20/2016 20:00,1969,,
7/21/2016 20:00,1969,,
7/22/2016 20:00,1968,,
7/23/2016 20:00,1970,,
7/24/2016 20:00,1971,,
7/25/2016 20:00,1971,,
7/26/2016 20:00,1974,,
7/27/2016 20:00,1973,,
7/28/2016 20:00,2052,,
7/29/2016 20:00,2080,,
7/30/2016 20:00,2094,,
7/31/2016 20:00,2100,,
8/1/2016 20:00,2104,,
8/2/2016 20:00,2104,,
8/3/2016 20:00,2105,,
8/4/2016 20:00,2105,,
8/5/2016 20:00,2105,,
8/6/2016 20:00,2105,,
8/7/2016 20:00,2105,,
8/8/2016 20:00,2107,,
8/9/2016 20:00,2107,,
8/10/2016 20:00,2108,,
8/11/2016 20:00,2110,,
8/12/2016 20:00,2111,,
8/13/2016 20:00,2111,,
8/14/2016 20:00,2110,,
8/15/2016 20:00,2108,,
8/16/2016 20:00,2110,,
8/17/2016 20:00,2111,,
8/18/2016 20:00,2111,,
8/19/2016 20:00,2115,,
8/20/2016 20:00,2115,,
8/21/2016 20:00,2121,,
8/22/2016 20:00,2120,,
8/23/2016 20:00,2123,,
8/24/2016 20:00,2124,,
8/25/2016 20:00,2127,,
8/26/2016 20:00,2125,,
8/27/2016 20:00,2125,,
8/28/2016 20:00,2126,,
8/29/2016 20:00,2127,,
8/30/2016 20:00,2125,,
8/31/2016 20:00,2124,,
9/1/2016 20:00,2125,,
9/2/2016 20:00,2126,,
9/3/2016 20:00,2128,,
9/4/2016 20:00,2131,,
9/5/2016 20:00,2130,,
9/6/2016 20:00,2130,,
9/7/2016 20:00,2133,,
9/8/2016 20:00,2133,,
9/9/2016 20:00,2134,,
9/10/2016 20:00,2137,,
9/11/2016 20:00,2155,,
9/12/2016 20:00,2156,,
9/13/2016 20:00,2155,,
9/14/2016 20:00,2158,,
9/15/2016 20:00,2156,,
9/16/2016 20:00,2156,,
9/17/2016 20:00,2159,,
9/18/2016 20:00,2156,,
9/19/2016 20:00,2153,,
9/20/2016 20:00,2154,,
9/21/2016 20:00,2155,,
9/22/2016 20:00,2155,,
9/23/2016 20:00,2157,,
9/24/2016 20:00,2158,,
9/25/2016 20:00,2158,,
9/26/2016 20:00,2158,,
9/27/2016 20:00,2158,,
9/28/2016 20:00,2157,,
9/29/2016 20:00,2159,,
9/30/2016 20:00,2160,,
10/1/2016 20:00,2160,,
10/2/2016 20:00,2159,,
10/3/2016 20:00,2163,,
10/4/2016 20:00,2163,,
10/5/2016 20:00,2164,,
10/6/2016 20:00,2165,,
10/7/2016 20:00,2174,,
10/8/2016 20:00,2182,,
10/9/2016 20:00,2185,,
10/10/2016 20:00,2186,,
10/11/2016 20:00,2187,,
10/12/2016 20:00,2192,,
10/13/2016 20:00,2193,,
10/14/2016 20:00,2193,,
10/15/2016 20:00,2194,,
10/16/2016 20:00,2194,,
10/17/2016 20:00,2194,,
10/18/2016 20:00,2194,,
10/19/2016 20:00,2194,,
10/20/2016 20:00,2194,,
10/21/2016 20:00,2194,,
10/22/2016 20:00,2194,,
10/23/2016 20:00,2197,,
10/24/2016 20:00,2197,,
10/25/2016 20:00,2197,,
10/26/2016 20:00,2197,,
10/27/2016 20:00,2197,,
10/28/2016 20:00,2197,,
10/29/2016 20:00,2197,,
10/30/2016 20:00,2197,,
10/31/2016 20:00,2197,,
11/1/2016 20:00,2197,,
11/2/2016 20:00,2197,,
11/3/2016 20:00,2197,,
11/4/2016 20:00,2197,,
11/5/2016 20:00,2197,,
11/6/2016 19:00,2206,,
11/7/2016 19:00,2206,,
11/8/2016 19:00,2206,,
11/9/2016 19:00,2208,,
11/10/2016 19:00,2209,,
11/11/2016 19:00,2209,,
11/12/2016 19:00,2210,,
11/13/2016 19:00,2212,,
11/14/2016 19:00,2214,,
11/15/2016 19:00,2213,,
11/16/2016 19:00,2213,,
11/17/2016 19:00,2214,,
11/18/2016 19:00,2213,,
11/19/2016 19:00,2212,,
11/20/2016 19:00,2212,,
11/21/2016 19:00,2213,,
11/22/2016 19:00,2214,,
11/23/2016 19:00,2216,,
11/24/2016 19:00,2215,,
11/25/2016 19:00,2214,,
11/26/2016 19:00,2214,,
11/27/2016 19:00,2213,,
11/28/2016 19:00,2213,,
11/29/2016 19:00,2213,,
11/30/2016 19:00,2213,,
12/1/2016 19:00,2213,,
12/2/2016 19:00,2213,,
12/3/2016 19:00,2215,,
12/4/2016 19:00,2217,,
12/5/2016 19:00,2217,,
12/6/2016 19:00,2217,,
12/7/2016 19:00,2217,,
12/8/2016 19:00,2217,,
12/9/2016 19:00,2217,,
12/10/2016 19:00,2217,,
12/11/2016 19:00,2217,,
12/12/2016 19:00,2217,,
12/13/2016 19:00,2217,,
12/14/2016 19:00,2217,,
12/15/2016 19:00,2217,,
12/16/2016 19:00,2217,,
12/17/2016 19:00,2217,,
12/18/2016 19:00,2217,,
12/19/2016 19:00,2217,,
12/20/2016 19:00,2217,,
12/21/2016 19:00,2217,,
12/22/2016 19:00,2217,,
12/23/2016 19:00,2217,,
12/24/2016 19:00,2217,,
12/25/2016 19:00,2217,,
12/26/2016 19:00,2217,,
12/27/2016 19:00,2217,,
12/28/2016 19:00,2217,,
12/29/2016 19:00,2224,,
12/30/2016 19:00,2224,,
12/31/2016 19:00,2224,,
1/1/2017 19:00,2225,,
1/2/2017 19:00,2244,,
1/3/2017 19:00,2246,,
1/4/2017 19:00,2245,,
1/5/2017 19:00,2247,,
1/6/2017 19:00,2250,,
1/7/2017 19:00,2251,,
1/8/2017 19:00,2256,,
1/9/2017 19:00,2255,,
1/10/2017 19:00,2258,,
1/11/2017 19:00,2258,,
1/12/2017 19:00,2260,,
1/13/2017 19:00,2261,,
1/14/2017 19:00,2261,,
1/15/2017 19:00,2262,,
1/16/2017 19:00,2263,,
1/17/2017 19:00,2266,,
1/18/2017 19:00,2268,,
1/19/2017 19:00,2270,,
1/20/2017 19:00,2275,,
1/21/2017 19:00,2274,,
1/22/2017 19:00,2273,,
1/23/2017 19:00,2271,,
1/24/2017 19:00,2273,,
1/25/2017 19:00,2272,,
1/26/2017 19:00,2272,,
1/27/2017 19:00,2273,,
1/28/2017 19:00,2275,,
1/29/2017 19:00,2275,,
1/30/2017 19:00,2272,,
1/31/2017 19:00,2272,,
2/1/2017 19:00,2279,,
2/2/2017 19:00,2297,,
2/3/2017 19:00,2301,,
2/4/2017 19:00,2302,,
2/5/2017 19:00,2305,,
2/6/2017 19:00,2306,,
2/7/2017 19:00,2308,,
2/8/2017 19:00,2308,,
2/9/2017 19:00,2311,,
2/10/2017 19:00,2313,,
2/11/2017 19:00,2314,,
2/12/2017 19:00,2312,,
2/13/2017 19:00,2315,,
2/14/2017 19:00,2316,,
2/15/2017 19:00,2314,,
2/16/2017 19:00,2312,,
2/17/2017 19:00,2312,,
2/18/2017 19:00,2315,,
2/19/2017 19:00,2317,,
2/20/2017 19:00,2318,,
2/21/2017 19:00,2317,,
2/22/2017 19:00,2317,,
2/23/2017 19:00,2318,,
2/24/2017 19:00,2315,,
2/25/2017 19:00,2315,,
2/26/2017 19:00,2319,,
2/27/2017 19:00,2319,,
2/28/2017 19:00,2320,,
3/1/2017 19:00,2321,,
3/2/2017 19:00,2321,,
3/3/2017 19:00,2321,,
3/4/2017 19:00,2323,,
3/5/2017 19:00,2323,,
3/6/2017 19:00,2327,,
3/7/2017 19:00,2329,,
3/8/2017 19:00,2330,,
3/9/2017 19:00,2328,,
3/10/2017 19:00,2328,,
3/11/2017 19:00,2327,,
3/12/2017 20:00,2326,,
3/13/2017 20:00,2324,,
3/14/2017 20:00,2323,,
3/15/2017 20:00,2324,,
3/16/2017 20:00,2324,,
3/17/2017 20:00,2323,,
3/18/2017 20:00,2324,,
3/19/2017 20:00,2324,,
3/20/2017 20:00,2324,,
3/21/2017 20:00,2325,,
3/22/2017 20:00,2325,,
3/23/2017 20:00,2325,,
3/24/2017 20:00,2324,,
3/25/2017 20:00,2325,,
3/26/2017 20:00,2325,,
3/27/2017 20:00,2325,,
3/28/2017 20:00,2324,,
3/29/2017 20:00,2324,,
3/30/2017 20:00,2324,,
3/31/2017 20:00,2324,,
4/1/2017 20:00,2324,,
4/2/2017 20:00,2325,,
4/3/2017 20:00,2324,,
4/4/2017 20:00,2322,,
4/5/2017 20:00,2322,,
4/6/2017 20:00,2322,,
4/7/2017 20:00,2323,,
4/8/2017 20:00,2322,,
4/9/2017 20:00,2324,,
4/10/2017 20:00,2324,,
4/11/2017 20:00,2323,,
4/12/2017 20:00,2322,,
4/13/2017 20:00,2320,,
4/14/2017 20:00,2321,,
4/15/2017 20:00,2322,,
4/16/2017 20:00,2322,,
4/17/2017 20:00,2325,,
4/18/2017 20:00,2325,,
4/19/2017 20:00,2324,,
4/20/2017 20:00,2324,,
4/21/2017 20:00,2325,,
4/22/2017 20:00,2327,,
4/23/2017 20:00,2327,,
4/24/2017 20:00,2327,,
4/25/2017 20:00,2326,,
4/26/2017 20:00,2326,,
4/27/2017 20:00,2326,,
4/28/2017 20:00,2327,,
4/29/2017 20:00,2327,,
4/30/2017 20:00,2328,,
5/1/2017 20:00,2326,,
5/2/2017 20:00,2326,,
5/3/2017 20:00,2328,,
5/4/2017 20:00,2328,,
5/5/2017 20:00,2328,,
5/6/2017 20:00,2329,,
5/7/2017 20:00,2330,,
5/8/2017 20:00,2329,,
5/9/2017 20:00,2332,,
5/10/2017 20:00,2346,,
5/11/2017 20:00,2359,,
5/12/2017 20:00,2361,,
5/13/2017 20:00,2362,,
5/14/2017 20:00,2362,,
5/15/2017 20:00,2362,,
5/16/2017 20:00,2362,,
5/17/2017 20:00,2361,,
5/18/2017 20:00,2360,,
5/19/2017 20:00,2364,,
5/20/2017 20:00,2365,,
5/21/2017 20:00,2364,,
5/22/2017 20:00,2364,,
5/23/2017 20:00,2368,,
5/24/2017 20:00,2369,,
5/25/2017 20:00,2368,,
5/26/2017 20:00,2368,,
5/27/2017 20:00,2368,,
5/28/2017 20:00,2368,,
5/29/2017 20:00,2370,,
5/30/2017 20:00,2374,,
5/31/2017 20:00,2376,,
6/1/2017 20:00,2376,,
6/2/2017 20:00,2378,,
6/3/2017 20:00,2382,,
6/4/2017 20:00,2392,,
6/5/2017 20:00,2395,,
6/6/2017 20:00,2402,,
6/7/2017 20:00,2405,,
6/8/2017 20:00,2413,,
6/9/2017 20:00,2418,,
6/10/2017 20:00,2421,,
6/11/2017 20:00,2421,,
6/12/2017 20:00,2426,,
6/13/2017 20:00,2430,,
6/14/2017 20:00,2435,,
6/15/2017 20:00,2447,,
6/16/2017 20:00,2447,,
6/17/2017 20:00,2449,,
6/18/2017 20:00,2455,,
6/19/2017 20:00,2458,,
6/20/2017 20:00,2463,,
6/21/2017 20:00,2468,,
6/22/2017 20:00,2469,,
6/23/2017 20:00,2473,,
6/24/2017 20:00,2476,,
6/25/2017 20:00,2481,,
6/26/2017 20:00,2486,,
6/27/2017 20:00,2488,,
6/28/2017 20:00,2496,,
6/29/2017 20:00,2499,,
6/30/2017 20:00,2498,,
7/1/2017 20:00,2499,,
7/2/2017 20:00,2504,,
7/3/2017 20:00,2508,,
7/4/2017 20:00,2514,,
7/5/2017 20:00,2517,,
7/6/2017 20:00,2520,,
7/7/2017 20:00,2529,,
7/8/2017 20:00,2533,,
7/9/2017 20:00,2535,,
7/10/2017 20:00,2537,,
7/11/2017 20:00,2540,,
7/12/2017 20:00,2543,,
7/13/2017 20:00,2546,,
7/14/2017 20:00,2549,,
7/15/2017 20:00,2552,,
7/16/2017 20:00,2555,,
7/17/2017 20:00,2559,,
7/18/2017 20:00,2563,,
7/19/2017 20:00,2566,,
7/20/2017 20:00,2567,,
7/21/2017 20:00,2569,,
7/22/2017 20:00,2575,,
7/23/2017 20:00,2577,,
7/24/2017 20:00,2578,,
7/25/2017 20:00,2579,,
7/26/2017 20:00,2581,,
7/27/2017 20:00,2582,,
7/28/2017 20:00,2582,,
7/29/2017 20:00,2585,,
7/30/2017 20:00,2593,,
7/31/2017 20:00,2596,,
8/1/2017 20:00,2600,,
8/2/2017 20:00,2601,,
8/3/2017 20:00,2605,,
8/4/2017 20:00,2608,,
8/5/2017 20:00,2610,,
8/6/2017 20:00,2614,,
8/7/2017 20:00,2620,,
8/8/2017 20:00,2626,,
8/9/2017 20:00,2630,,
8/10/2017 20:00,2636,,
8/11/2017 20:00,2637,,
8/12/2017 20:00,2642,,
8/13/2017 20:00,2647,,
8/14/2017 20:00,2649,,
8/15/2017 20:00,2653,,
8/16/2017 20:00,2657,,
8/17/2017 20:00,2663,,
8/18/2017 20:00,2663,,
8/19/2017 20:00,2666,,
8/20/2017 20:00,2669,,
8/21/2017 20:00,2672,,
8/22/2017 20:00,2673,,
8/23/2017 20:00,2679,,
8/24/2017 20:00,2686,,
8/25/2017 20:00,2688,,
8/26/2017 20:00,2692,,
8/27/2017 20:00,2701,,
8/28/2017 20:00,2705,,
8/29/2017 20:00,2704,,
8/30/2017 20:00,2706,,
8/31/2017 20:00,2709,,
9/1/2017 20:00,2710,,
9/2/2017 20:00,2711,,
9/3/2017 20:00,2714,,
9/4/2017 20:00,2717,,
9/5/2017 20:00,2721,,
9/6/2017 20:00,2718,,
9/7/2017 20:00,2721,,
9/8/2017 20:00,2723,,
9/9/2017 20:00,2724,,
9/10/2017 20:00,2726,,
9/11/2017 20:00,2731,,
9/12/2017 20:00,2738,,
9/13/2017 20:00,2739,,
9/14/2017 20:00,2740,,
9/15/2017 20:00,2742,,
9/16/2017 20:00,2743,,
9/17/2017 20:00,2747,,
9/18/2017 20:00,2749,,
9/19/2017 20:00,2750,,
9/20/2017 20:00,2752,,
9/21/2017 20:00,2753,,
9/22/2017 20:00,2752,,
9/23/2017 20:00,2753,,
9/24/2017 20:00,2757,,
9/25/2017 20:00,2757,,
9/26/2017 20:00,2761,,
9/27/2017 20:00,2767,,
9/28/2017 20:00,2768,,
9/29/2017 20:00,2770,,
9/30/2017 20:00,2777,,
10/1/2017 20:00,2781,,
10/2/2017 20:00,2783,,
10/3/2017 20:00,2786,,
10/4/2017 20:00,2791,,
10/5/2017 20:00,2793,,
10/6/2017 20:00,2796,,
10/7/2017 20:00,2798,,
10/8/2017 20:00,2800,,
10/9/2017 20:00,2802,,
10/10/2017 20:00,2805,,
10/11/2017 20:00,2810,,
10/12/2017 20:00,2815,,
10/13/2017 20:00,2818,,
10/14/2017 20:00,2825,,
10/15/2017 20:00,2827,,
10/16/2017 20:00,2827,,
10/17/2017 20:00,2828,,
10/18/2017 20:00,2832,,
10/19/2017 20:00,2834,,
10/20/2017 20:00,2836,,
10/21/2017 20:00,2840,,
10/22/2017 20:00,2845,,
10/23/2017 20:00,2848,,
10/24/2017 20:00,2852,,
10/25/2017 20:00,2853,,
10/26/2017 20:00,2855,,
10/27/2017 20:00,2859,,
10/28/2017 20:00,2862,,
10/29/2017 20:00,2864,,
10/30/2017 20:00,2867,,
10/31/2017 20:00,2871,,
11/1/2017 20:00,2872,,
11/2/2017 20:00,2876,,
11/3/2017 20:00,2879,,
11/4/2017 20:00,2882,,
11/5/2017 19:00,2885,,
11/6/2017 19:00,2888,,
11/7/2017 19:00,2891,,
11/8/2017 19:00,2894,,
11/9/2017 19:00,2897,,
11/10/2017 19:00,2900,,
11/11/2017 19:00,2906,,
11/12/2017 19:00,2905,,
11/13/2017 19:00,2911,,
11/14/2017 19:00,2913,,
11/15/2017 19:00,2921,,
11/16/2017 19:00,2924,,
11/17/2017 19:00,2929,,
11/18/2017 19:00,2936,,
11/19/2017 19:00,2942,,
11/20/2017 19:00,2945,,
11/21/2017 19:00,2947,,
11/22/2017 19:00,2948,,
11/23/2017 19:00,2951,,
11/24/2017 19:00,2954,,
11/25/2017 19:00,2957,,
11/26/2017 19:00,2964,,
11/27/2017 19:00,2971,,
11/28/2017 19:00,2974,,
11/29/2017 19:00,2976,,
11/30/2017 19:00,2982,,
12/1/2017 19:00,2981,,
12/2/2017 19:00,2982,,
12/3/2017 19:00,2984,,
12/4/2017 19:00,2988,,
12/5/2017 19:00,2991,,
12/6/2017 19:00,2990,,
12/7/2017 19:00,2993,,
12/8/2017 19:00,2997,,
12/9/2017 19:00,2999,,
12/10/2017 19:00,3002,,
12/11/2017 19:00,3003,,
12/12/2017 19:00,3005,,
12/13/2017 19:00,3007,,
12/14/2017 19:00,3011,,
12/15/2017 19:00,3011,,
12/16/2017 19:00,3014,,
12/17/2017 19:00,3019,,
12/18/2017 19:00,3019,,
12/19/2017 19:00,3017,,
12/20/2017 19:00,3029,,
12/21/2017 19:00,3034,,
12/22/2017 19:00,3035,,
12/23/2017 19:00,3029,,
12/24/2017 19:00,3032,,
12/25/2017 19:00,3033,,
12/26/2017 19:00,3040,,
12/27/2017 19:00,3044,,
12/28/2017 19:00,3046,,
12/29/2017 19:00,3047,,
12/30/2017 19:00,3059,,
12/31/2017 19:00,3062,,
1/1/2018 19:00,3068,,
1/2/2018 19:00,3071,,
1/3/2018 19:00,3075,,
1/4/2018 19:00,3079,,
1/5/2018 19:00,3087,,
1/6/2018 19:00,3089,,
1/7/2018 19:00,3090,,
1/8/2018 19:00,3090,,
1/9/2018 19:00,3092,,
1/10/2018 19:00,,,
1/11/2018 19:00,,,
1/12/2018 19:00,,,
1/13/2018 19:00,,,
1/14/2018 19:00,,,
1/15/2018 19:00,,,
1/16/2018 19:00,,,
1/17/2018 19:00,,,
1/18/2018 19:00,,,
1/19/2018 19:00,,,
1/20/2018 19:00,,,
1/21/2018 19:00,,,
1/22/2018 19:00,,,
1/23/2018 19:00,,,
1/24/2018 19:00,,,
1/25/2018 19:00,,,
1/26/2018 19:00,,,
1/27/2018 19:00,,,
1/28/2018 19:00,,,
1/29/2018 19:00,,,
1/30/2018 19:00,,,
1/31/2018 19:00,,,
2/1/2018 19:00,,,
2/2/2018 19:00,,,
2/3/2018 19:00,,,
2/4/2018 19:00,,,
2/5/2018 19:00,,,
2/6/2018 19:00,,,
2/7/2018 19:00,,,
2/8/2018 19:00,,,
2/9/2018 19:00,,,
2/10/2018 19:00,,,
2/11/2018 19:00,,,
2/12/2018 19:00,,,
2/13/2018 19:00,,,
2/14/2018 19:00,,,
2/15/2018 19:00,,,
2/16/2018 19:00,,,
2/17/2018 19:00,,,
2/18/2018 19:00,,,
2/19/2018 19:00,,,
2/20/2018 19:00,,,
2/21/2018 19:00,,,
2/22/2018 19:00,,,
2/23/2018 19:00,,,
2/24/2018 19:00,,,
2/25/2018 19:00,,,
2/26/2018 19:00,,,
2/27/2018 19:00,,,
2/28/2018 19:00,,,
3/1/2018 19:00,,,
3/2/2018 19:00,,,
3/3/2018 19:00,,,
3/4/2018 19:00,,,
3/5/2018 19:00,,,
3/6/2018 19:00,,,
3/7/2018 19:00,,,
3/8/2018 19:00,,,
3/9/2018 19:00,,,
3/10/2018 19:00,,,
3/11/2018 20:00,,,
3/12/2018 20:00,,,
3/13/2018 20:00,,,
3/14/2018 20:00,,,
3/15/2018 20:00,,,
3/16/2018 20:00,,,
3/17/2018 20:00,,,
3/18/2018 20:00,3323,,
3/19/2018 20:00,3332,,
3/20/2018 20:00,,,
3/21/2018 20:00,3333,,
3/22/2018 20:00,3339,,
3/23/2018 20:00,3339,,
3/24/2018 20:00,3343,,
3/25/2018 20:00,,,
3/26/2018 20:00,3350,,
3/27/2018 20:00,3353,,
3/28/2018 20:00,3366,,
3/29/2018 20:00,3369,,
3/30/2018 20:00,,,
3/31/2018 20:00,,,
4/1/2018 20:00,3371,,
4/2/2018 20:00,,,
4/3/2018 20:00,3375,,
4/4/2018 20:00,3377,,
4/5/2018 20:00,3378,,
4/6/2018 20:00,3380,,
4/7/2018 20:00,,,
4/8/2018 20:00,3457,,
4/9/2018 20:00,,,
4/10/2018 20:00,3468,,
4/11/2018 20:00,,,
4/12/2018 20:00,3479,,
4/13/2018 20:00,,,
4/14/2018 20:00,,,
4/15/2018 20:00,,,
4/16/2018 20:00,3495,,
4/17/2018 20:00,3496,,
4/18/2018 20:00,,,
4/19/2018 20:00,3505,,
4/20/2018 20:00,3508,,
4/21/2018 20:00,,,
4/22/2018 20:00,,,
4/23/2018 20:00,,,
4/24/2018 20:00,3517,,
4/25/2018 20:00,3523,,
4/26/2018 20:00,,,
4/27/2018 20:00,,,
4/28/2018 20:00,3534,,
4/29/2018 20:00,3539,,
4/30/2018 20:00,,,
5/1/2018 20:00,3542,,
5/2/2018 20:00,,,
5/3/2018 20:00,3543,,
5/4/2018 20:00,3544,,
5/5/2018 20:00,3542,,
5/6/2018 20:00,,,
5/7/2018 20:00,3552,,
5/8/2018 20:00,3553,,
5/9/2018 20:00,3561,,
5/10/2018 20:00,,,
5/11/2018 20:00,3558,,
5/12/2018 20:00,,,
5/13/2018 20:00,3561,,
5/14/2018 20:00,3572,,
5/15/2018 20:00,3578,,
5/16/2018 20:00,,,
5/17/2018 20:00,3579,,
5/18/2018 20:00,,,
5/19/2018 20:00,,,
5/20/2018 20:00,,,
5/21/2018 20:00,,,
5/22/2018 20:00,3602,,
5/23/2018 20:00,3606,,
5/24/2018 20:00,,,
5/25/2018 20:00,,,
5/26/2018 20:00,3609,,
5/27/2018 20:00,,,
5/28/2018 20:00,3617,,
5/29/2018 20:00,,,
5/30/2018 20:00,,,
5/31/2018 20:00,,,
6/1/2018 20:00,3620,,
6/2/2018 20:00,3620,,
6/3/2018 20:00,3621,,
6/4/2018 20:00,3622,,
6/5/2018 20:00,,,
6/6/2018 20:00,3626,,
6/7/2018 20:00,,,
6/8/2018 20:00,,,
6/9/2018 20:00,3628,,
6/10/2018 20:00,,,
6/11/2018 20:00,3639,,
6/12/2018 20:00,3669,,
6/13/2018 20:00,3670,,
6/14/2018 20:00,3672,,
6/15/2018 20:00,,,
6/16/2018 20:00,,,
6/17/2018 20:00,3675,,
6/18/2018 20:00,,,
6/19/2018 20:00,,,
6/20/2018 20:00,3684,,
6/21/2018 20:00,,,
6/22/2018 20:00,3715,,
6/23/2018 20:00,3715,,
6/24/2018 20:00,,,
6/25/2018 20:00,,,
6/26/2018 20:00,3722,,
6/27/2018 20:00,3728,,
6/28/2018 20:00,,,
6/29/2018 20:00,,,
6/30/2018 20:00,3731,,
7/1/2018 20:00,3731,,
7/2/2018 20:00,3732,,
7/3/2018 20:00,3732,,
7/4/2018 20:00,3736,,
7/5/2018 20:00,,,
7/6/2018 20:00,,,
7/7/2018 20:00,3741,,
7/8/2018 20:00,3740,,
7/9/2018 20:00,3964,,
7/10/2018 20:00,3972,,
7/11/2018 20:00,,,
7/12/2018 20:00,3987,,
7/13/2018 20:00,3998,,
7/14/2018 20:00,,,
7/15/2018 20:00,4005,,
7/16/2018 20:00,4018,,
7/17/2018 20:00,4023,,
7/18/2018 20:00,4026,,
7/19/2018 20:00,4040,,
7/20/2018 20:00,,,
7/21/2018 20:00,4048,,
7/22/2018 20:00,,,
7/23/2018 20:00,,,
7/24/2018 20:00,4048,,
7/25/2018 20:00,4063,,
7/26/2018 20:00,4069,,
7/27/2018 20:00,,,
7/28/2018 20:00,4075,,
7/29/2018 20:00,4079,,
7/30/2018 20:00,4078,,
7/31/2018 20:00,4098,,
8/1/2018 20:00,4107,,
8/2/2018 20:00,4114,,
8/3/2018 20:00,4117,,
8/4/2018 20:00,,,
8/5/2018 20:00,4128,,
8/6/2018 20:00,4156,,
8/7/2018 20:00,4159,,
8/8/2018 20:00,,,
8/9/2018 20:00,,,
8/10/2018 20:00,4166,,
8/11/2018 20:00,,,
8/12/2018 20:00,,,
8/13/2018 20:00,4167,,
8/14/2018 20:00,4166,,
8/15/2018 20:00,4175,,
8/16/2018 20:00,4504,,
8/17/2018 20:00,4585,,
8/18/2018 20:00,4639,,
8/19/2018 20:00,4649,,
8/20/2018 20:00,4689,,
8/21/2018 20:00,4698,,
8/22/2018 20:00,,,
8/23/2018 20:00,4742,,
8/24/2018 20:00,4747,,
8/25/2018 20:00,4746,,
8/26/2018 20:00,,,
8/27/2018 20:00,,,
8/28/2018 20:00,4772,,
8/29/2018 20:00,4777,,
8/30/2018 20:00,4788,,
8/31/2018 20:00,,,
9/1/2018 20:00,4794,,
9/2/2018 20:00,,,
9/3/2018 20:00,,,
9/4/2018 20:00,,,
9/5/2018 20:00,,,
9/6/2018 20:00,4822,,
9/7/2018 20:00,4833,,
9/8/2018 20:00,4836,,
9/9/2018 20:00,4844,,
9/10/2018 20:00,,,
9/11/2018 20:00,,,
9/12/2018 20:00,,,
9/13/2018 20:00,,,
9/14/2018 20:00,,,
9/15/2018 20:00,,,
9/16/2018 20:00,,,
9/17/2018 20:00,,,
9/18/2018 20:00,,,
9/19/2018 20:00,,,
9/20/2018 20:00,,,
9/21/2018 20:00,,,
9/22/2018 20:00,,,
9/23/2018 20:00,5099,,
9/24/2018 20:00,5108,,
9/25/2018 20:00,5116,,
9/26/2018 20:00,5130,,
9/27/2018 20:00,5135,,
9/28/2018 20:00,5148,,
9/29/2018 20:00,5157,,
9/30/2018 20:00,5177,,
10/1/2018 20:00,5217,,
10/2/2018 20:00,5255,,
10/3/2018 20:00,5264,,
10/4/2018 20:00,5268,,
10/5/2018 20:00,5278,,
10/6/2018 20:00,5292,,
10/7/2018 20:00,5313,,
10/8/2018 20:00,5320,,
10/9/2018 20:00,5328,2,10
10/10/2018 20:00,5339,,
10/11/2018 20:00,,4,25
10/12/2018 20:00,5345,4,17
10/13/2018 20:00,5342,1,13
10/14/2018 20:00,5346,2,7
10/15/2018 20:00,5389,,
10/16/2018 20:00,,,11
10/17/2018 20:00,6060,8,32
10/18/2018 20:00,7222,31,291
10/19/2018 20:00,7608,,
10/20/2018 20:00,7698,9,143
10/21/2018 20:00,7733,7,90
10/22/2018 20:00,7744,6,47
10/23/2018 20:00,7781,5,34
10/24/2018 20:00,7808,2,24
10/25/2018 20:00,7821,6,35
10/26/2018 20:00,7847,2,29
10/27/2018 20:00,7851,7,37
10/28/2018 20:00,7872,,
10/29/2018 20:00,7885,,
10/30/2018 20:00,7888,6,46
10/31/2018 20:00,7896,3,65
11/1/2018 20:00,8004,,
11/2/2018 20:00,8081,11,76
11/3/2018 20:00,8100,9,59
11/4/2018 19:00,8131,,
11/5/2018 19:00,8149,6,49
11/6/2018 19:00,8199,7,37
11/7/2018 19:00,8213,3,35
11/8/2018 19:00,8231,4,28
11/9/2018 19:00,8265,3,13
11/10/2018 19:00,8308,6,22
11/11/2018 19:00,8372,,
11/12/2018 19:00,8390,,
11/13/2018 19:00,8407,5,52
11/14/2018 19:00,8415,3,35
11/15/2018 19:00,8451,6,26
11/16/2018 19:00,8457,,
11/17/2018 19:00,8462,,
11/18/2018 19:00,8471,7,20
11/19/2018 19:00,8487,,
11/20/2018 19:00,8492,4,40
11/21/2018 19:00,8493,7,25
11/22/2018 19:00,8493,3,23
11/23/2018 19:00,8508,5,16
11/24/2018 19:00,8531,8,76
11/25/2018 19:00,8540,5,41
11/26/2018 19:00,8543,6,80
11/27/2018 19:00,8598,9,79
11/28/2018 19:00,8605,9,61
11/29/2018 19:00,8616,5,57
11/30/2018 19:00,8621,,
12/1/2018 19:00,8624,8,13
12/2/2018 19:00,8644,3,26
12/3/2018 19:00,8649,6,36
12/4/2018 19:00,8668,,3
12/5/2018 19:00,8682,8,81
12/6/2018 19:00,8699,7,61
12/7/2018 19:00,8719,12,85
12/8/2018 19:00,8721,5,59
12/9/2018 19:00,8739,3,20
12/10/2018 19:00,8746,9,35
12/11/2018 19:00,8743,13,66
12/12/2018 19:00,8742,,
12/13/2018 19:00,8756,8,59
12/14/2018 19:00,8768,7,48
12/15/2018 19:00,8835,3,21
12/16/2018 19:00,8895,16,68
12/17/2018 19:00,8918,,
12/18/2018 19:00,8935,11,53
12/19/2018 19:00,8945,4,15
12/20/2018 19:00,8945,3,63
12/21/2018 19:00,8945,8,51
12/22/2018 19:00,8949,7,56
12/23/2018 19:00,8949,1,34
12/24/2018 19:00,8967,3,15
12/25/2018 19:00,8974,3,29
12/26/2018 19:00,8990,6,43
12/27/2018 19:00,8995,3,31
12/28/2018 19:00,9004,7,35
12/29/2018 19:00,9016,9,34
12/30/2018 19:00,9014,4,28
12/31/2018 19:00,9019,3,18
1/1/2019 19:00,11644,16,313
1/2/2019 19:00,12796,13,124
1/3/2019 19:00,12851,12,87
1/4/2019 19:00,12863,12,101
1/5/2019 19:00,12970,14,99
1/6/2019 19:00,13007,15,97
1/7/2019 19:00,13052,,
1/8/2019 19:00,13052,17,127
1/9/2019 19:00,13069,11,73
1/10/2019 19:00,13180,11,94
1/11/2019 19:00,13240,9,100
1/12/2019 19:00,13274,13,99
1/13/2019 19:00,13289,13,77
1/14/2019 19:00,13316,14,90
1/15/2019 19:00,13336,11,59
1/16/2019 19:00,13385,16,92
1/17/2019 19:00,13421,13,88
1/18/2019 19:00,13554,9,32
1/19/2019 19:00,13590,10,53
1/20/2019 19:00,13628,7,49
1/21/2019 19:00,13669,13,71
1/22/2019 19:00,13679,14,83
1/23/2019 19:00,13697,17,106
1/24/2019 19:00,13747,8,78
1/25/2019 19:00,13852,8,72
1/26/2019 19:00,13889,12,77
1/27/2019 19:00,14112,16,146
1/28/2019 19:00,14599,22,121
1/29/2019 19:00,14679,8,103
1/30/2019 19:00,14734,21,108
1/31/2019 19:00,14776,13,70
2/1/2019 19:00,14803,12,34
2/2/2019 19:00,14857,9,58
2/3/2019 19:00,14879,11,62
2/4/2019 19:00,14895,11,78
2/5/2019 19:00,14914,13,78
2/6/2019 19:00,15823,20,111
2/7/2019 19:00,16216,27,150
2/8/2019 19:00,16237,13,62
2/9/2019 19:00,16272,10,53
2/10/2019 19:00,16316,21,69
2/11/2019 19:00,16378,10,66
2/12/2019 19:00,16400,15,74
2/13/2019 19:00,16442,16,68
2/14/2019 19:00,16460,10,88
2/15/2019 19:00,16608,21,288
2/16/2019 19:00,16629,15,131
2/17/2019 19:00,16656,16,92
2/18/2019 19:00,16749,20,118
2/19/2019 19:00,17036,18,136
2/20/2019 19:00,17097,22,164
2/21/2019 19:00,17187,16,131
2/22/2019 19:00,17200,13,82
2/23/2019 19:00,17193,15,58
2/24/2019 19:00,17203,11,99
2/25/2019 19:00,17228,12,94
2/26/2019 19:00,17266,13,98
2/27/2019 19:00,17485,16,118
2/28/2019 19:00,17532,17,120
3/1/2019 19:00,17565,12,68
3/2/2019 19:00,17573,11,92
3/3/2019 19:00,17585,15,108
3/4/2019 19:00,17632,17,101
3/5/2019 19:00,17689,18,149
3/6/2019 19:00,17726,12,106
3/7/2019 19:00,17747,27,86
3/8/2019 19:00,17809,13,68
3/9/2019 19:00,17952,22,116
3/10/2019 20:00,18215,24,152
3/11/2019 20:00,18343,24,103
3/12/2019 20:00,18402,21,119
3/13/2019 20:00,18433,20,173
3/14/2019 20:00,18465,10,95
3/15/2019 20:00,18509,9,82
3/16/2019 20:00,18557,12,89
3/17/2019 20:00,18659,21,114
3/18/2019 20:00,18707,22,112
3/19/2019 20:00,18743,15,93
3/20/2019 20:00,18768,,
3/21/2019 20:00,18835,21,233
3/22/2019 20:00,18935,,
3/23/2019 20:00,18950,12,78
3/24/2019 20:00,19076,20,148
3/25/2019 20:00,19209,19,158
3/26/2019 20:00,19255,10,110
3/27/2019 20:00,19281,15,163
3/28/2019 20:00,19454,18,138
3/29/2019 20:00,19664,22,181
3/30/2019 20:00,19707,11,105
3/31/2019 20:00,19748,16,113
4/1/2019 20:00,19851,17,196
4/2/2019 20:00,19891,12,130
4/3/2019 20:00,19964,25,140
4/4/2019 20:00,20256,22,168
4/5/2019 20:00,20468,17,206
4/6/2019 20:00,20629,16,194
4/7/2019 20:00,20802,24,132
4/8/2019 20:00,20991,18,88
4/9/2019 20:00,21167,23,142
4/10/2019 20:00,21350,32,170
4/11/2019 20:00,21454,19,205
4/12/2019 20:00,21575,21,113
4/13/2019 20:00,21652,9,121
4/14/2019 20:00,21962,20,143
4/15/2019 20:00,22423,29,150
4/16/2019 20:00,22565,33,193
4/17/2019 20:00,22652,24,213
4/18/2019 20:00,22782,17,130
4/19/2019 20:00,22960,20,129
4/20/2019 20:00,23155,13,64
4/21/2019 20:00,23262,22,163
4/22/2019 20:00,23336,25,169
4/23/2019 20:00,23469,26,237
4/24/2019 20:00,23544,30,132
4/25/2019 20:00,23628,19,138
4/26/2019 20:00,23670,19,151
4/27/2019 20:00,23750,25,140
4/28/2019 20:00,23811,15,158
4/29/2019 20:00,23886,32,158
4/30/2019 20:00,23987,33,169
5/1/2019 20:00,24072,22,199
5/2/2019 20:00,24186,19,165
5/3/2019 20:00,24209,21,114
5/4/2019 20:00,24276,17,93
5/5/2019 20:00,24356,15,141
5/6/2019 20:00,24526,17,158
5/7/2019 20:00,24668,33,211
5/8/2019 20:00,24739,31,191
5/9/2019 20:00,24806,21,136
5/10/2019 20:00,24853,12,164
5/11/2019 20:00,24907,13,121
5/12/2019 20:00,25015,19,166
5/13/2019 20:00,25091,20,133
5/14/2019 20:00,25201,20,167
5/15/2019 20:00,25368,22,193
5/16/2019 20:00,25440,19,124
5/17/2019 20:00,25477,17,124
5/18/2019 20:00,25533,24,131
5/19/2019 20:00,25578,20,91
5/20/2019 20:00,25633,19,135
5/21/2019 20:00,25664,25,191
5/22/2019 20:00,25726,24,200
5/23/2019 20:00,25839,26,185
5/24/2019 20:00,25875,17,91
5/25/2019 20:00,26205,26,197
5/26/2019 20:00,26405,19,160
5/27/2019 20:00,26476,35,259
5/28/2019 20:00,26612,29,262
5/29/2019 20:00,26950,27,279
5/30/2019 20:00,27084,23,182
5/31/2019 20:00,27274,15,106
6/1/2019 20:00,27339,17,149
6/2/2019 20:00,27399,28,155
6/3/2019 20:00,27562,31,247
6/4/2019 20:00,27722,26,356
6/5/2019 20:00,27780,26,211
6/6/2019 20:00,27841,34,172
6/7/2019 20:00,27916,21,135
6/8/2019 20:00,28330,16,152
6/9/2019 20:00,28847,21,193
6/10/2019 20:00,29173,27,162
6/11/2019 20:00,29234,29,165
6/12/2019 20:00,29319,29,141
6/13/2019 20:00,29460,24,188
6/14/2019 20:00,29541,16,251
6/15/2019 20:00,29936,25,173
6/16/2019 20:00,30081,31,228
6/17/2019 20:00,30220,26,111
6/18/2019 20:00,30331,24,150
6/19/2019 20:00,30518,18,121
6/20/2019 20:00,30693,24,172
6/21/2019 20:00,30797,22,184
6/22/2019 20:00,30884,27,170
6/23/2019 20:00,30964,27,217
6/24/2019 20:00,31052,38,214
6/25/2019 20:00,31161,33,191
6/26/2019 20:00,31313,24,154
6/27/2019 20:00,31386,,
6/28/2019 20:00,31556,21,183
6/29/2019 20:00,31630,22,118
6/30/2019 20:00,31756,29,167
7/1/2019 20:00,31905,21,150
7/2/2019 20:00,32164,28,156
7/3/2019 20:00,32268,22,208
7/4/2019 20:00,32598,22,194
7/5/2019 20:00,32672,14,121
7/6/2019 20:00,32799,16,123
7/7/2019 20:00,32917,25,121
7/8/2019 20:00,33109,30,158
7/9/2019 20:00,33274,27,245
7/10/2019 20:00,33410,31,249
7/11/2019 20:00,33506,21,159
7/12/2019 20:00,33641,31,206
7/13/2019 20:00,33732,22,182
7/14/2019 20:00,33880,33,272
7/15/2019 20:00,34051,43,488
7/16/2019 20:00,34144,27,258
7/17/2019 20:00,34300,26,165
7/18/2019 20:00,34447,27,179
7/19/2019 20:00,34507,15,190
7/20/2019 20:00,34701,22,105
7/21/2019 20:00,34772,26,180
7/22/2019 20:00,34880,31,201
7/23/2019 20:00,35094,38,276
7/24/2019 20:00,35235,34,231
7/25/2019 20:00,35334,33,174
7/26/2019 20:00,35435,21,119
7/27/2019 20:00,35498,15,155
7/28/2019 20:00,35656,33,145
7/29/2019 20:00,35787,29,227
7/30/2019 20:00,35906,38,201
7/31/2019 20:00,36018,31,207
8/1/2019 20:00,36118,29,131
8/2/2019 20:00,36207,26,125
8/3/2019 20:00,36353,16,132
8/4/2019 20:00,36505,26,161
8/5/2019 20:00,36594,29,237
8/6/2019 20:00,36707,28,235
8/7/2019 20:00,36829,28,198
8/8/2019 20:00,36953,31,170
8/9/2019 20:00,37064,34,115
8/10/2019 20:00,37246,26,208
8/11/2019 20:00,37473,37,202
8/12/2019 20:00,37602,43,282
8/13/2019 20:00,37759,33,206
8/14/2019 20:00,37936,31,177
8/15/2019 20:00,38111,36,140
8/16/2019 20:00,38276,31,112
8/17/2019 20:00,38433,22,146
8/18/2019 20:00,38666,26,147
8/19/2019 20:00,38797,29,197
8/20/2019 20:00,38963,,
8/21/2019 20:00,39703,37,260
8/22/2019 20:00,39913,38,319
8/23/2019 20:00,40012,27,156
8/24/2019 20:00,40145,18,179
8/25/2019 20:00,40350,21,225
8/26/2019 20:00,40653,26,262
8/27/2019 20:00,40839,39,295
8/28/2019 20:00,41109,45,364
8/29/2019 20:00,41254,48,399
8/30/2019 20:00,41317,35,337
8/31/2019 20:00,41416,17,158
9/1/2019 20:00,41601,15,147
9/2/2019 20:00,41756,38,200
9/3/2019 20:00,41955,37,356
9/4/2019 20:00,42100,38,335
9/5/2019 20:00,42191,44,333
9/6/2019 20:00,42333,25,209
9/7/2019 20:00,42482,32,179
9/8/2019 20:00,42596,23,183
9/9/2019 20:00,42750,48,380
9/10/2019 20:00,43042,45,278
9/11/2019 20:00,43297,43,278
9/12/2019 20:00,43470,36,260
9/13/2019 20:00,43585,32,208
9/14/2019 20:00,43689,29,125
9/15/2019 20:00,44103,27,125
9/16/2019 20:00,44434,39,276
9/17/2019 20:00,44649,35,195
9/18/2019 20:00,44831,30,224
9/19/2019 20:00,44946,33,260
9/20/2019 20:00,45053,28,204
9/21/2019 20:00,46086,23,116
9/22/2019 20:00,46945,38,351
9/23/2019 20:00,47076,47,369
9/24/2019 20:00,47236,38,307
9/25/2019 20:00,47453,40,304
9/26/2019 20:00,47580,51,277
9/27/2019 20:00,47854,39,198
9/28/2019 20:00,47984,30,274
9/29/2019 20:00,48204,40,198
9/30/2019 20:00,48383,39,245
10/1/2019 20:00,48633,42,302
10/2/2019 20:00,49121,41,404
10/3/2019 20:00,49335,38,266
10/4/2019 20:00,49541,38,379
10/5/2019 20:00,49691,23,198
10/6/2019 20:00,50291,41,289
10/7/2019 20:00,50486,38,219
10/8/2019 20:00,50673,42,339
10/9/2019 20:00,50837,52,242
10/10/2019 20:00,51066,52,285
10/11/2019 20:00,51307,35,238
10/12/2019 20:00,51498,35,240
10/13/2019 20:00,51817,35,219
10/14/2019 20:00,52263,38,338
10/15/2019 20:00,52795,35,357
10/16/2019 20:00,53115,45,279
10/17/2019 20:00,53366,37,278
10/18/2019 20:00,53501,33,247
10/19/2019 20:00,53665,33,179
10/20/2019 20:00,54014,43,362
10/21/2019 20:00,54689,51,389
10/22/2019 20:00,54924,41,370
10/23/2019 20:00,55588,53,350
10/24/2019 20:00,55977,48,323
10/25/2019 20:00,56349,41,329
10/26/2019 20:00,56735,31,277
10/27/2019 20:00,57462,43,348
10/28/2019 20:00,57973,59,381
10/29/2019 20:00,58252,42,412
10/30/2019 20:00,58432,60,417
10/31/2019 20:00,59073,34,421
11/1/2019 20:00,59332,47,300
11/2/2019 20:00,59825,43,274
11/3/2019 19:00,60442,59,310
11/4/2019 19:00,60671,60,332
11/5/2019 19:00,60833,52,301
11/6/2019 19:00,61258,66,431
11/7/2019 19:00,61471,41,372
11/8/2019 19:00,61653,37,250
11/9/2019 19:00,62035,44,305
11/10/2019 19:00,62328,43,231
11/11/2019 19:00,63316,46,517
11/12/2019 19:00,65913,53,475
11/13/2019 19:00,66160,45,352
11/14/2019 19:00,66535,34,286
11/15/2019 19:00,66730,47,209
11/16/2019 19:00,66961,45,273
11/17/2019 19:00,67178,,
11/18/2019 19:00,67439,40,377
11/19/2019 19:00,67688,53,314
11/20/2019 19:00,67955,43,350
11/21/2019 19:00,68134,45,388
11/22/2019 19:00,68346,35,262
11/23/2019 19:00,68522,37,280
11/24/2019 19:00,68742,59,503
11/25/2019 19:00,68968,44,286
11/26/2019 19:00,69250,62,235
11/27/2019 19:00,69477,37,213
11/28/2019 19:00,69762,46,231
11/29/2019 19:00,69898,34,248
11/30/2019 19:00,70090,49,273
12/1/2019 19:00,70618,69,475
12/2/2019 19:00,70849,74,528
12/3/2019 19:00,71223,72,411
12/4/2019 19:00,71542,71,416
12/5/2019 19:00,71754,45,364
12/6/2019 19:00,72015,,
12/7/2019 19:00,72154,56,226
12/8/2019 19:00,72381,35,321
12/9/2019 19:00,72623,65,400
12/10/2019 19:00,72802,58,338
12/11/2019 19:00,73354,55,362
12/12/2019 19:00,73687,45,255
12/13/2019 19:00,73816,43,278
12/14/2019 19:00,74185,52,407
12/15/2019 19:00,74474,49,430
12/16/2019 19:00,74702,65,374
12/17/2019 19:00,75402,,
12/18/2019 19:00,75624,59,450
12/19/2019 19:00,75877,52,405
12/20/2019 19:00,76108,45,358
12/21/2019 19:00,76249,44,303
12/22/2019 19:00,76416,29,233
12/23/2019 19:00,76577,57,255
12/24/2019 19:00,76732,41,291
12/25/2019 19:00,77241,32,358
12/26/2019 19:00,78297,51,497
12/27/2019 19:00,78958,29,284
12/28/2019 19:00,79191,43,280
12/29/2019 19:00,79409,58,273
12/30/2019 19:00,79635,40,274
12/31/2019 19:00,79785,42,295
1/1/2020 19:00,80100,46,364
1/2/2020 19:00,80936,58,406
1/3/2020 19:00,81111,42,394
1/4/2020 19:00,81310,26,297
1/5/2020 19:00,81598,40,362
1/6/2020 19:00,82173,66,575
1/7/2020 19:00,82555,56,518
1/8/2020 19:00,82735,68,481
1/9/2020 19:00,82911,56,424
1/10/2020 19:00,83097,50,316
1/11/2020 19:00,83482,44,226
1/12/2020 19:00,83689,51,335
1/13/2020 19:00,84688,62,392
1/14/2020 19:00,85407,65,380
1/15/2020 19:00,85871,55,410
1/16/2020 19:00,86064,41,508
1/17/2020 19:00,86446,56,377
1/18/2020 19:00,86769,52,333
1/19/2020 19:00,87282,63,509
1/20/2020 19:00,87510,67,424
1/21/2020 19:00,88155,59,401
1/22/2020 19:00,88479,60,423
1/23/2020 19:00,88669,44,456
1/24/2020 19:00,88809,46,353
1/25/2020 19:00,89082,51,305
1/26/2020 19:00,89540,41,472
1/27/2020 19:00,89779,63,370
1/28/2020 19:00,90051,55,303
1/29/2020 19:00,90326,,
1/30/2020 19:00,90614,,
1/31/2020 19:00,90818,51,583
2/1/2020 19:00,90878,,
2/2/2020 19:00,91228,58,442
2/3/2020 19:00,91513,74,405
2/4/2020 19:00,91708,49,362
2/5/2020 19:00,91870,48,327
2/6/2020 19:00,92107,48,487
2/7/2020 19:00,92304,44,264
2/8/2020 19:00,93318,31,412
2/9/2020 19:00,93588,60,376
2/10/2020 19:00,93849,68,392
2/11/2020 19:00,94098,62,407
2/12/2020 19:00,94295,52,465
2/13/2020 19:00,94497,50,300
2/14/2020 19:00,94615,39,254
2/15/2020 19:00,94775,29,251
2/16/2020 19:00,95009,50,497
2/17/2020 19:00,95330,60,443
2/18/2020 19:00,95569,49,651
2/19/2020 19:00,95859,42,310
2/20/2020 19:00,96019,61,413
2/21/2020 19:00,96237,52,252
2/22/2020 19:00,96334,51,348
2/23/2020 19:00,96616,57,335
2/24/2020 19:00,96827,64,477
2/25/2020 19:00,97150,65,326
2/26/2020 19:00,97507,74,625
2/27/2020 19:00,97794,64,376
2/28/2020 19:00,97943,50,331
2/29/2020 19:00,98297,54,408
3/1/2020 19:00,98540,84,398
3/2/2020 19:00,98686,48,339
3/3/2020 19:00,98851,65,410
3/4/2020 19:00,99070,64,331
3/5/2020 19:00,99292,57,461
3/6/2020 19:00,99509,43,315
3/7/2020 19:00,99814,48,282
3/8/2020 20:00,100099,55,326
3/9/2020 20:00,100333,57,379
3/10/2020 20:00,100542,47,387
3/11/2020 20:00,100808,52,313
3/12/2020 20:00,101006,30,127
3/13/2020 20:00,101253,41,290
3/14/2020 20:00,101692,38,387
3/15/2020 20:00,101878,45,369
3/16/2020 20:00,102162,56,358
3/17/2020 20:00,102402,65,437
3/18/2020 20:00,102831,,
3/19/2020 20:00,103381,70,417
3/20/2020 20:00,103998,67,301
3/21/2020 20:00,104283,,
3/22/2020 20:00,104427,42,282
3/23/2020 20:00,104700,47,188
3/24/2020 20:00,104917,56,343
3/25/2020 20:00,105211,59,296
3/26/2020 20:00,105395,45,307
3/27/2020 20:00,105579,31,301
3/28/2020 20:00,106591,34,719
3/29/2020 20:00,106735,45,943
3/30/2020 20:00,106923,48,369
3/31/2020 20:00,107046,46,446
4/1/2020 20:00,107170,50,374
4/2/2020 20:00,107336,37,396
4/3/2020 20:00,107568,41,322
4/4/2020 20:00,107742,,
4/5/2020 20:00,107876,30,133
4/6/2020 20:00,108093,38,242
4/7/2020 20:00,108239,31,199
4/8/2020 20:00,108434,41,280
4/9/2020 20:00,108664,36,376
4/10/2020 20:00,108832,40,295
4/11/2020 20:00,108989,44,182
4/12/2020 20:00,109216,36,162
4/13/2020 20:00,109514,40,285
4/14/2020 20:00,109701,36,264
4/15/2020 20:00,109850,29,289
4/16/2020 20:00,110049,53,273
4/17/2020 20:00,110209,64,344
4/18/2020 20:00,110415,46,254
4/19/2020 20:00,110561,41,342
4/20/2020 20:00,110695,38,280
4/21/2020 20:00,110792,45,332
4/22/2020 20:00,110977,56,337
4/23/2020 20:00,111118,42,244
4/24/2020 20:00,111301,33,162
4/25/2020 20:00,111445,40,247
4/26/2020 20:00,111588,37,369
4/27/2020 20:00,111773,49,256
4/28/2020 20:00,111915,41,338
4/29/2020 20:00,112094,54,306
4/30/2020 20:00,112461,40,254
5/1/2020 20:00,112731,41,239
5/2/2020 20:00,112944,46,263
5/3/2020 20:00,113084,45,234
5/4/2020 20:00,113289,57,271
5/5/2020 20:00,113542,48,271
5/6/2020 20:00,113886,49,333
5/7/2020 20:00,114087,37,293
5/8/2020 20:00,114223,37,393
5/9/2020 20:00,114412,27,343
5/10/2020 20:00,114744,51,394
5/11/2020 20:00,114908,53,379
5/12/2020 20:00,115091,48,443
5/13/2020 20:00,115228,48,271
5/14/2020 20:00,115572,37,330
5/15/2020 20:00,115813,30,338
5/16/2020 20:00,116090,38,351
5/17/2020 20:00,116233,33,259
5/18/2020 20:00,116868,47,322
5/19/2020 20:00,117274,48,516
5/20/2020 20:00,117440,40,341
5/21/2020 20:00,117854,,
5/22/2020 20:00,118083,52,255
5/23/2020 20:00,118347,27,194
5/24/2020 20:00,118615,45,278
5/25/2020 20:00,118837,36,365
5/26/2020 20:00,119035,45,346
5/27/2020 20:00,119252,41,385
5/28/2020 20:00,119409,39,331
5/29/2020 20:00,119531,35,211
5/30/2020 20:00,119785,32,352
5/31/2020 20:00,119878,25,205
6/1/2020 20:00,119979,26,188
6/2/2020 20:00,120207,43,232
6/3/2020 20:00,122036,38,382
6/4/2020 20:00,123448,54,581
6/5/2020 20:00,123787,40,275
6/6/2020 20:00,123958,38,327
6/7/2020 20:00,124185,42,326
6/8/2020 20:00,124371,41,348
6/9/2020 20:00,125120,40,254
6/10/2020 20:00,125476,37,365
6/11/2020 20:00,125898,48,277
6/12/2020 20:00,126043,46,286
6/13/2020 20:00,126269,27,233
6/14/2020 20:00,126406,37,348
6/15/2020 20:00,126678,50,295
6/16/2020 20:00,126867,33,304
6/17/2020 20:00,127142,50,451
6/18/2020 20:00,127659,40,321
6/19/2020 20:00,127926,37,388
6/20/2020 20:00,128638,39,452
6/21/2020 20:00,129207,60,481
6/22/2020 20:00,129442,50,372
6/23/2020 20:00,129920,57,457
6/24/2020 20:00,130446,58,458
6/25/2020 20:00,130892,58,459
6/26/2020 20:00,131389,52,349
6/27/2020 20:00,131613,45,270
6/28/2020 20:00,132008,64,339
6/29/2020 20:00,132374,56,468
6/30/2020 20:00,132997,54,603
7/1/2020 20:00,133261,58,403
7/2/2020 20:00,133575,52,307
7/3/2020 20:00,134400,42,366
7/4/2020 20:00,134671,46,328
7/5/2020 20:00,134900,47,219
7/6/2020 20:00,135302,28,207
7/7/2020 20:00,136123,69,582
7/8/2020 20:00,136794,65,193
7/9/2020 20:00,137244,54,7
7/10/2020 20:00,137479,41,4
7/11/2020 20:00,137699,53,6
7/12/2020 20:00,137910,58,10
7/13/2020 20:00,138270,85,352
7/14/2020 20:00,138786,59,818
7/15/2020 20:00,139240,46,586
7/16/2020 20:00,139555,49,428
7/17/2020 20:00,139738,33,474
7/18/2020 20:00,140095,40,594
7/19/2020 20:00,140452,70,889
7/20/2020 20:00,140739,61,664
7/21/2020 20:00,140967,62,849
7/22/2020 20:00,141328,49,660
7/23/2020 20:00,141658,67,597
7/24/2020 20:00,141818,46,599
7/25/2020 20:00,142055,41,516
7/26/2020 20:00,142342,65,619
7/27/2020 20:00,142694,47,667
7/28/2020 20:00,143164,66,551
7/29/2020 20:00,143392,53,523
7/30/2020 20:00,143644,42,749
7/31/2020 20:00,143851,54,684
8/1/2020 20:00,144248,65,663
8/2/2020 20:00,144503,,
8/3/2020 20:00,144856,50,578
8/4/2020 20:00,145291,65,653
8/5/2020 20:00,145777,58,570
8/6/2020 20:00,146460,67,682
8/7/2020 20:00,146693,52,603
8/8/2020 20:00,147136,66,961
8/9/2020 20:00,147334,63,624
8/10/2020 20:00,147939,61,1121
8/11/2020 20:00,148571,65,681
8/12/2020 20:00,149054,69,910
8/13/2020 20:00,149383,64,607
8/14/2020 20:00,149755,39,376
8/15/2020 20:00,150132,54,1025
8/16/2020 20:00,150504,54,627
8/17/2020 20:00,150835,64,644
8/18/2020 20:00,151306,79,761
8/19/2020 20:00,151636,89,909
8/20/2020 20:00,152382,74,861
8/21/2020 20:00,152969,52,710
8/22/2020 20:00,153365,55,667
8/23/2020 20:00,153930,75,884
8/24/2020 20:00,154608,78,962
8/25/2020 20:00,155373,54,660
8/26/2020 20:00,155695,62,376
8/27/2020 20:00,155945,,
8/28/2020 20:00,156573,,
8/29/2020 20:00,157719,,
8/30/2020 20:00,157992,47,133
8/31/2020 20:00,158817,,
9/1/2020 20:00,159247,43,321
9/2/2020 20:00,159695,96,507
9/3/2020 20:00,160154,71,512
9/4/2020 20:00,160607,64,546
9/5/2020 20:00,160941,49,571
9/6/2020 20:00,161326,66,597
9/7/2020 20:00,161620,80,761
9/8/2020 20:00,162034,67,629
9/9/2020 20:00,162304,44,388
9/10/2020 20:00,162626,,
9/11/2020 20:00,,,
9/12/2020 20:00,,,
9/13/2020 20:00,,,
9/14/2020 20:00,163817,,
9/15/2020 20:00,,,
9/16/2020 20:00,,,
9/17/2020 20:00,165541,,
9/18/2020 20:00,,,
9/19/2020 20:00,,,
9/20/2020 20:00,,,
9/21/2020 20:00,167451,,
9/22/2020 20:00,,,
9/23/2020 20:00,,,
9/24/2020 20:00,168927,,
9/25/2020 20:00,,,
9/26/2020 20:00,,,
9/27/2020 20:00,,4,27
9/28/2020 20:00,171151,71,869
9/29/2020 20:00,171535,71,536
9/30/2020 20:00,171905,54,606
10/1/2020 20:00,172184,49,583
10/2/2020 20:00,172639,44,572
10/3/2020 20:00,173147,53,460
10/4/2020 20:00,173923,81,814
10/5/2020 20:00,174436,83,700
10/6/2020 20:00,175076,87,729
10/7/2020 20:00,175865,75,835
10/8/2020 20:00,176405,70,658
10/9/2020 20:00,176631,62,494
10/10/2020 20:00,176844,55,465
10/11/2020 20:00,177142,91,805
10/12/2020 20:00,178112,90,856
10/13/2020 20:00,178485,67,1063
10/14/2020 20:00,178923,81,723
10/15/2020 20:00,179375,65,863
10/16/2020 20:00,179758,66,607
10/17/2020 20:00,179932,63,573
10/18/2020 20:00,180375,44,574
10/19/2020 20:00,180795,48,681
10/20/2020 20:00,181142,51,581
10/21/2020 20:00,181466,73,700
10/22/2020 20:00,181848,65,810
10/23/2020 20:00,183378,38,1524
10/24/2020 20:00,184051,46,736
10/25/2020 20:00,184302,75,726
10/26/2020 20:00,,50,482
10/27/2020 20:00,,52,556
10/28/2020 20:00,,60,555
10/29/2020 20:00,,67,694
10/30/2020 20:00,185950,60,742
10/31/2020 20:00,,49,550
11/1/2020 19:00,,45,527
11/2/2020 19:00,,59,658
11/3/2020 19:00,,43,374
11/4/2020 19:00,187671,49,331
11/5/2020 19:00,187993,53,398
11/6/2020 19:00,188562,48,386
11/7/2020 19:00,188887,42,428
11/8/2020 19:00,189518,75,526
11/9/2020 19:00,189908,68,555
11/10/2020 19:00,190766,80,864
11/11/2020 19:00,191065,60,662
11/12/2020 19:00,191387,61,694
11/13/2020 19:00,191652,71,609
11/14/2020 19:00,191941,68,755
11/15/2020 19:00,192422,78,1218
11/16/2020 19:00,194165,74,942
11/17/2020 19:00,194616,75,604
11/18/2020 19:00,195033,73,672
11/19/2020 19:00,195267,60,714
11/20/2020 19:00,195861,67,773
11/21/2020 19:00,196801,52,490
11/22/2020 19:00,197065,77,548
11/23/2020 19:00,197293,72,658
11/24/2020 19:00,197489,85,831
11/25/2020 19:00,197785,66,622
11/26/2020 19:00,198259,55,619
11/27/2020 19:00,199272,60,954
11/28/2020 19:00,200316,76,1109
11/29/2020 19:00,200639,84,883
11/30/2020 19:00,200866,90,1022
12/1/2020 19:00,200889,69,732
12/2/2020 19:00,201677,69,717
12/3/2020 19:00,,,
12/4/2020 19:00,,75,632
12/5/2020 19:00,,51,560
12/6/2020 19:00,203118,54,660
12/7/2020 19:00,,68,918
12/8/2020 19:00,,71,718
12/9/2020 19:00,,60,821
12/10/2020 19:00,,79,937
12/11/2020 19:00,204711,59,680
12/12/2020 19:00,204974,63,544
12/13/2020 19:00,,64,782
12/14/2020 19:00,,61,684
12/15/2020 19:00,206182,78,722
12/16/2020 19:00,,92,667
12/17/2020 19:00,206709,92,633
12/18/2020 19:00,,88,790
12/19/2020 19:00,,63,576
12/20/2020 19:00,208885,65,842
12/21/2020 19:00,209104,64,964
12/22/2020 19:00,209554,70,1177
12/23/2020 19:00,210041,60,1080
12/24/2020 19:00,210784,65,1015
12/25/2020 19:00,211051,45,763
12/26/2020 19:00,211383,46,782
12/27/2020 19:00,211709,41,622
12/28/2020 19:00,212040,82,708
12/29/2020 19:00,212479,70,733
12/30/2020 19:00,213005,73,928
12/31/2020 19:00,213171,56,735
1/1/2021 19:00,213496,40,466
1/2/2021 19:00,213926,68,1086
1/3/2021 19:00,214407,87,952
1/4/2021 19:00,214751,85,897
1/5/2021 19:00,215085,86,733
1/6/2021 19:00,215491,61,620
1/7/2021 19:00,215878,78,811
1/8/2021 19:00,216240,56,674
1/9/2021 19:00,217093,56,815
1/10/2021 19:00,217386,77,520
1/11/2021 19:00,217743,90,632
1/12/2021 19:00,218308,77,710
1/13/2021 19:00,218927,86,932
1/14/2021 19:00,220167,90,957
1/15/2021 19:00,,80,890
1/16/2021 19:00,,96,1332
1/17/2021 19:00,226577,90,1116
1/18/2021 19:00,,92,966
1/19/2021 19:00,,102,865
1/20/2021 19:00,,87,720
1/21/2021 19:00,,96,772
1/22/2021 19:00,,74,547
1/23/2021 19:00,228982,72,489
1/24/2021 19:00,,68,838
1/25/2021 19:00,,68,633
1/26/2021 19:00,,79,529
1/27/2021 19:00,,74,567
1/28/2021 19:00,230515,77,459
1/29/2021 19:00,,55,874
1/30/2021 19:00,,71,912
1/31/2021 19:00,,65,764
2/1/2021 19:00,,71,618
2/2/2021 19:00,234052,106,895
2/3/2021 19:00,235023,106,973
2/4/2021 19:00,235297,77,717
2/5/2021 19:00,235584,82,742
2/6/2021 19:00,235980,70,334
2/7/2021 19:00,236326,85,900
2/8/2021 19:00,237232,112,1061
2/9/2021 19:00,237620,85,832
2/10/2021 19:00,237852,80,792
2/11/2021 19:00,238866,70,1191
2/12/2021 19:00,239129,67,567
2/13/2021 19:00,239604,57,551
2/14/2021 19:00,239920,84,1127
2/15/2021 19:00,240328,,
2/16/2021 19:00,240768,69,731
2/17/2021 19:00,241156,104,688
2/18/2021 19:00,241674,90,719
2/19/2021 19:00,242250,65,841
2/20/2021 19:00,242527,58,914
2/21/2021 19:00,242978,77,915
2/22/2021 19:00,243328,82,694
2/23/2021 19:00,244129,107,1067
2/24/2021 19:00,244735,114,861
2/25/2021 19:00,245361,105,899
2/26/2021 19:00,245606,75,638
2/27/2021 19:00,246127,81,663
2/28/2021 19:00,246547,103,994
3/1/2021 19:00,246786,116,1220
3/2/2021 19:00,247676,91,1399
3/3/2021 19:00,248879,94,1423
3/4/2021 19:00,249462,63,817
3/5/2021 19:00,249606,69,654
3/6/2021 19:00,249991,85,707
3/7/2021 19:00,250427,79,811
3/8/2021 19:00,250891,70,849
3/9/2021 19:00,251336,75,1213
3/10/2021 19:00,252091,81,1203
3/11/2021 19:00,252384,93,1003
3/12/2021 19:00,252848,70,1439
3/13/2021 19:00,253252,78,1048
3/14/2021 20:00,253634,76,1059
3/15/2021 20:00,253914,86,989
3/16/2021 20:00,254657,83,1091
3/17/2021 20:00,255323,114,850
3/18/2021 20:00,255565,99,1126
3/19/2021 20:00,255929,72,659
3/20/2021 20:00,256102,86,658
3/21/2021 20:00,256373,70,684
3/22/2021 20:00,256613,91,839
3/23/2021 20:00,256979,89,1074
3/24/2021 20:00,258974,112,1979
3/25/2021 20:00,260192,85,1331
3/26/2021 20:00,260519,,
3/27/2021 20:00,260836,81,703
3/28/2021 20:00,263824,90,2784
3/29/2021 20:00,264824,108,1529
3/30/2021 20:00,265326,88,1022
3/31/2021 20:00,266033,81,964
4/1/2021 20:00,266643,83,1381
4/2/2021 20:00,266937,67,1048
4/3/2021 20:00,267332,67,1051
4/4/2021 20:00,268965,91,990
4/5/2021 20:00,269894,120,1120
4/6/2021 20:00,270307,96,982
4/7/2021 20:00,271038,112,1260
4/8/2021 20:00,272198,96,1844
4/9/2021 20:00,272949,109,1395
4/10/2021 20:00,273468,76,841
4/11/2021 20:00,274099,72,969
4/12/2021 20:00,275426,127,1600
4/13/2021 20:00,276387,111,1547
4/14/2021 20:00,277168,86,978
4/15/2021 20:00,277864,88,1149
4/16/2021 20:00,278151,96,1110
4/17/2021 20:00,278777,72,1134
4/18/2021 20:00,280174,119,2743
4/19/2021 20:00,280706,81,1351
4/20/2021 20:00,281638,90,1423
4/21/2021 20:00,282250,131,1867
4/22/2021 20:00,282656,96,1413
4/23/2021 20:00,283207,95,1317
4/24/2021 20:00,284171,92,1688
4/25/2021 20:00,284620,84,1332
4/26/2021 20:00,285463,102,1247
4/27/2021 20:00,288539,126,2393
4/28/2021 20:00,289685,133,2248
4/29/2021 20:00,290423,115,1459
4/30/2021 20:00,291051,102,1384
5/1/2021 20:00,291821,93,1258
5/2/2021 20:00,292303,116,1198
5/3/2021 20:00,292827,135,1467
5/4/2021 20:00,294560,145,2748
5/5/2021 20:00,296913,154,2473
5/6/2021 20:00,297535,137,1724
5/7/2021 20:00,298244,136,1999
5/8/2021 20:00,299764,144,3071
5/9/2021 20:00,300488,174,2396
5/10/2021 20:00,301463,184,1853
5/11/2021 20:00,302239,154,1602
5/12/2021 20:00,302917,136,1961
5/13/2021 20:00,303942,139,2068
5/14/2021 20:00,305731,124,2666
5/15/2021 20:00,308398,133,3247
5/16/2021 20:00,309815,182,2378
5/17/2021 20:00,311213,162,1730
5/18/2021 20:00,311911,191,1776
5/19/2021 20:00,313083,147,1614
5/20/2021 20:00,313728,130,1864
5/21/2021 20:00,314292,112,1322
5/22/2021 20:00,315084,135,1826
5/23/2021 20:00,316445,135,1795
5/24/2021 20:00,317187,167,1415
5/25/2021 20:00,318139,152,1984
5/26/2021 20:00,319477,140,1837
5/27/2021 20:00,319899,156,1732
5/28/2021 20:00,320837,117,1886
5/29/2021 20:00,321779,109,2681
5/30/2021 20:00,322650,132,1893
5/31/2021 20:00,323163,135,1748
6/1/2021 20:00,323824,162,1937
6/2/2021 20:00,324458,138,1725
6/3/2021 20:00,324926,145,1651
6/4/2021 20:00,325269,140,2085
6/5/2021 20:00,326764,128,1974
6/6/2021 20:00,327204,158,1483
6/7/2021 20:00,327487,149,1746
6/8/2021 20:00,328449,194,1649
6/9/2021 20:00,329968,180,2391
6/10/2021 20:00,331022,193,1706
6/11/2021 20:00,331666,133,1999
6/12/2021 20:00,332102,131,1826
6/13/2021 20:00,332784,154,1497
6/14/2021 20:00,333416,158,1794
6/15/2021 20:00,334047,170,1472
6/16/2021 20:00,334595,162,1441
6/17/2021 20:00,335179,162,1867
6/18/2021 20:00,335917,130,2325
6/19/2021 20:00,336799,137,1884
6/20/2021 20:00,337381,132,1592
6/21/2021 20:00,338314,182,2008
6/22/2021 20:00,339185,133,1643
6/23/2021 20:00,340436,144,2223
6/24/2021 20:00,341207,125,2130
6/25/2021 20:00,342050,81,1867
6/26/2021 20:00,343199,109,2672
6/27/2021 20:00,344100,161,2059
6/28/2021 20:00,344871,166,1730
6/29/2021 20:00,346440,136,2340
6/30/2021 20:00,347318,136,2015
7/1/2021 20:00,347784,110,1645
7/2/2021 20:00,348119,115,1702
7/3/2021 20:00,348547,103,2116
7/4/2021 20:00,349544,150,3666
7/5/2021 20:00,351377,166,2477
7/6/2021 20:00,351934,126,1661
7/7/2021 20:00,352857,170,2508
7/8/2021 20:00,354525,179,2796
7/9/2021 20:00,355352,117,2333
7/10/2021 20:00,356631,114,2165
7/11/2021 20:00,357643,144,2112
7/12/2021 20:00,359982,162,2308
7/13/2021 20:00,361346,176,2100
7/14/2021 20:00,361875,177,2480
7/15/2021 20:00,362426,140,2326
7/16/2021 20:00,363974,118,3108
7/17/2021 20:00,364581,123,2073
7/18/2021 20:00,365892,153,2386
7/19/2021 20:00,366765,177,2269
7/20/2021 20:00,369018,140,2445
7/21/2021 20:00,371502,167,2455
7/22/2021 20:00,373053,147,2575
7/23/2021 20:00,374293,115,2776
7/24/2021 20:00,375925,158,3139
7/25/2021 20:00,377782,152,2339
7/26/2021 20:00,379512,,3880
7/27/2021 20:00,383666,171,
7/28/2021 20:00,384526,178,2640
7/29/2021 20:00,386006,152,2294
7/30/2021 20:00,390940,167,4589
7/31/2021 20:00,391890,130,3463
8/1/2021 20:00,392853,148,2884
8/2/2021 20:00,393609,144,2422
8/3/2021 20:00,395564,145,2490
8/4/2021 20:00,396523,174,2342
8/5/2021 20:00,397013,153,1747
8/6/2021 20:00,397552,130,2051
8/7/2021 20:00,398648,101,2035
8/8/2021 20:00,399738,152,2392
8/9/2021 20:00,400187,171,2138
8/10/2021 20:00,401175,163,2031
8/11/2021 20:00,402013,128,2190
8/12/2021 20:00,402813,155,2574
8/13/2021 20:00,404247,126,2806
8/14/2021 20:00,405650,126,2487
8/15/2021 20:00,407146,165,2357
8/16/2021 20:00,408454,153,1992
8/17/2021 20:00,410227,151,2521
8/18/2021 20:00,414102,174,4114
8/19/2021 20:00,415678,194,3055
8/20/2021 20:00,416545,172,3138
8/21/2021 20:00,417338,178,3351
8/22/2021 20:00,418329,137,2406
8/23/2021 20:00,420819,193,2829
8/24/2021 20:00,423981,212,5344
8/25/2021 20:00,424761,176,3616
8/26/2021 20:00,425643,193,2876
8/27/2021 20:00,426295,157,2932
8/28/2021 20:00,427650,171,3458
8/29/2021 20:00,429302,186,3133
8/30/2021 20:00,431212,224,3485
8/31/2021 20:00,434718,252,5494
9/1/2021 20:00,437369,234,3629
9/2/2021 20:00,439142,210,3400
9/3/2021 20:00,440982,178,4146
9/4/2021 20:00,444208,206,5417
9/5/2021 20:00,445682,264,3885
9/6/2021 20:00,447242,198,3312
9/7/2021 20:00,449310,235,3777
9/8/2021 20:00,452701,192,4347
9/9/2021 20:00,454090,194,3707
9/10/2021 20:00,455021,146,3477
9/11/2021 20:00,457471,162,4533
9/12/2021 20:00,461648,276,5351
9/13/2021 20:00,467094,273,4552
9/14/2021 20:00,469580,249,4184
9/15/2021 20:00,472940,291,5038
9/16/2021 20:00,475818,248,5006
9/17/2021 20:00,476769,208,3663
9/18/2021 20:00,479237,214,4999
9/19/2021 20:00,480626,301,4867
9/20/2021 20:00,483827,306,5598
9/21/2021 20:00,487405,277,4494
9/22/2021 20:00,488966,285,3709
9/23/2021 20:00,490180,262,4055
9/24/2021 20:00,491925,227,5076
9/25/2021 20:00,494776,211,5886
9/26/2021 20:00,496249,271,5076
9/27/2021 20:00,498280,,
9/28/2021 20:00,504074,267,6714
9/29/2021 20:00,505432,288,4955
9/30/2021 20:00,507931,276,4998
10/1/2021 20:00,511356,245,4910
10/2/2021 20:00,514963,219,8527
10/3/2021 20:00,518060,273,5932
10/4/2021 20:00,521724,293,6662
10/5/2021 20:00,525642,311,6024
10/6/2021 20:00,533778,366,7635
10/7/2021 20:00,538030,439,8189
10/8/2021 20:00,540219,303,6558
10/9/2021 20:00,546106,328,10061
10/10/2021 20:00,549169,332,6723
10/11/2021 20:00,556655,339,7608
10/12/2021 20:00,562287,467,10193
10/13/2021 20:00,577788,505,10018
10/14/2021 20:00,595750,586,15385
10/15/2021 20:00,631944,553,18524
10/16/2021 20:00,667756,711,13604
10/17/2021 20:00,694305,700,13543
10/18/2021 20:00,727357,897,17804
10/19/2021 20:00,761490,1283,22459
10/20/2021 20:00,792247,956,17712
10/21/2021 20:00,819501,1450,25699
10/22/2021 20:00,833112,1226,24787
10/23/2021 20:00,855106,1050,24675
10/24/2021 20:00,883496,1412,30520
10/25/2021 20:00,901724,1407,33659
10/26/2021 20:00,913511,1378,29673
10/27/2021 20:00,923723,1425,23473
10/28/2021 20:00,932468,1214,20325
10/29/2021 20:00,943301,1176,21323
10/30/2021 20:00,949721,971,18588
10/31/2021 20:00,962739,1054,24346
11/1/2021 20:00,972012,1216,24246
11/2/2021 20:00,977774,1139,20648
11/3/2021 20:00,983990,1343,21452
11/4/2021 20:00,989356,1214,17853
11/5/2021 20:00,996439,1017,17428
11/6/2021 20:00,1009747,1021,18595
11/7/2021 19:00,1021618,1376,22880
11/8/2021 19:00,1031114,1285,19043
11/9/2021 19:00,1038012,1329,19605
11/10/2021 19:00,1045679,1473,23603
11/11/2021 19:00,1052917,1290,25239
11/12/2021 19:00,1062680,1149,23113
11/13/2021 19:00,1069763,981,20517
11/14/2021 19:00,1086065,1432,27431
11/15/2021 19:00,1104709,1729,32813
11/16/2021 19:00,1116312,1699,24333
11/17/2021 19:00,1124959,1634,24952
11/18/2021 19:00,1134105,1628,30311
11/19/2021 19:00,1140546,1125,21302
11/20/2021 19:00,1147306,1027,25154
11/21/2021 19:00,1155900,1305,23639
11/22/2021 19:00,1163415,1455,25106
11/23/2021 19:00,1170709,1435,23304
11/24/2021 19:00,1180151,1179,23802
11/25/2021 19:00,1189717,1051,24418
11/26/2021 19:00,1195851,1098,27744
11/27/2021 19:00,1200959,985,22340
11/28/2021 19:00,1214584,1397,26857
11/29/2021 19:00,1225322,1415,25576
11/30/2021 19:00,1235570,1599,30251
12/1/2021 19:00,1245562,1621,29616
12/2/2021 19:00,1254910,1535,30667
12/3/2021 19:00,1263596,1275,28276
12/4/2021 19:00,1273181,1270,24156
12/5/2021 19:00,1284426,1586,27031
12/6/2021 19:00,1296441,1866,28267
12/7/2021 19:00,1308866,1725,29619
12/8/2021 19:00,1317673,1768,27162
12/9/2021 19:00,1334967,1889,27333
12/10/2021 19:00,1345560,1480,30149
12/11/2021 19:00,1354130,1548,28460
12/12/2021 19:00,1365897,1794,29861
12/13/2021 19:00,1373638,1661,26295
12/14/2021 19:00,1379920,1670,27876
12/15/2021 19:00,1387666,1589,25018
12/16/2021 19:00,1395346,1554,24351
12/17/2021 19:00,1403833,1203,30991
12/18/2021 19:00,1411050,1173,31422
12/19/2021 19:00,1420756,1471,28255
12/20/2021 19:00,1427203,1500,24319
12/21/2021 19:00,1435157,1291,24167
12/22/2021 19:00,1442089,1385,29963
12/23/2021 19:00,1452444,1281,35892
12/24/2021 19:00,1459022,897,29149
12/25/2021 19:00,1465645,978,29542
12/26/2021 19:00,1476026,1514,34203
12/27/2021 19:00,1487046,1790,34402
12/28/2021 19:00,1495692,1772,27727
12/29/2021 19:00,1506718,1514,29955
12/30/2021 19:00,1512310,1322,27523
12/31/2021 19:00,1519126,1142,27208
1/1/2022 19:00,1527405,1274,24362
1/2/2022 19:00,1535657,,
1/3/2022 19:00,1541283,1514,26290
1/4/2022 19:00,1548842,1745,26814
1/5/2022 19:00,1554810,1553,25174
1/6/2022 19:00,1561468,1612,24398
1/7/2022 19:00,1567205,1375,24956
1/8/2022 19:00,1574918,1326,24379
1/9/2022 19:00,1590899,1676,22505
1/10/2022 19:00,1601738,1938,24105
1/11/2022 19:00,1610162,1697,24129
1/12/2022 19:00,1622143,1685,27266
1/13/2022 19:00,1628328,1608,24144
1/14/2022 19:00,1634604,1258,31466
1/15/2022 19:00,1640818,1228,25423
1/16/2022 19:00,1647455,1524,27318
1/17/2022 19:00,1655334,1621,22195
1/18/2022 19:00,1663484,,
